000001,Nahom,Petros,Tadesse,4,8,1999,M,Ethiopia,Debre Markos,Kebele 02,3,202,+251965497575
000002,Saba,Tesfaye,Tamiru,5,8,2005,F,Ethiopia,Jimma,Hirmata,7,270,+251939121531
000003,Liya,Fikru,Tadesse,23,4,1997,F,Ethiopia,Mekelle,Ayder,2,248,+251963431817
000004,Michael,Abraham,Haile,4,7,2004,M,Ethiopia,Adama,Adama,7,34,+251993662174
000005,Dawit,Abraham,Alemu,26,11,1995,M,Ethiopia,Addis Ababa,Yeka,5,94,+251939759611
000006,Kaleb,Tesfaye,Girma,25,12,2001,M,Ethiopia,Bishoftu,Kebele 04,4,209,+251963695846
000007,Selam,Abraham,Assefa,19,3,1999,F,Ethiopia,Mekelle,Ayder,5,270,+251979788981
000008,Nahom,Solomon,Mekonnen,26,10,2004,M,Ethiopia,Bahir Dar,Belay Zeleke,10,47,+251946711952
000009,Binyam,Mulugeta,Negash,5,11,2002,M,Ethiopia,Addis Ababa,Bole,10,297,+251920941442
000010,Nahom,Solomon,Girma,20,11,2004,M,Ethiopia,Bishoftu,Kebele 04,10,21,+251978002792
000011,Eden,Petros,Negash,5,6,1999,F,Ethiopia,Mekelle,Ayder,4,277,+251912485345
000012,Selam,Getachew,Kebede,27,2,1997,F,Ethiopia,Addis Ababa,Yeka,8,267,+251993177055
000013,Kaleb,Mulugeta,Kebede,25,7,1999,M,Ethiopia,Mekelle,Ayder,10,122,+251968134010
000014,Rahel,Abraham,Assefa,9,11,1996,F,Ethiopia,Bahir Dar,Belay Zeleke,5,208,+251917325222
000015,Ruth,Fikru,Tamiru,24,3,1995,F,Ethiopia,Debre Markos,Kebele 02,5,271,+251986132810
000016,Abel,Tesfaye,Mekonnen,18,5,1996,M,Ethiopia,Jimma,Hirmata,6,96,+251915761867
000017,Ruth,Fikru,Tadesse,11,4,2002,F,Ethiopia,Dire Dawa,Sabiyan,7,278,+251973284694
000018,Michael,Petros,Mekonnen,19,12,1995,M,Ethiopia,Addis Ababa,Yeka,4,38,+251952755100
000019,Selam,Daniel,Girma,26,8,2005,F,Ethiopia,Jimma,Hirmata,3,144,+251939283707
000020,Saba,Solomon,Kebede,16,6,2003,F,Ethiopia,Bahir Dar,Belay Zeleke,5,1,+251979411324
000021,Mahi,Daniel,Girma,8,12,2004,F,Ethiopia,Adama,Adama,10,281,+251942480607
000022,Eden,Getachew,Tamiru,10,5,1995,F,Ethiopia,Addis Ababa,Yeka,6,62,+251978489439
000023,Dawit,Fikru,Kebede,7,5,2005,M,Ethiopia,Hawassa,Tabor,5,47,+251938857529
000024,Rahel,Kebede,Mekonnen,2,7,2005,F,Ethiopia,Adama,Adama,6,20,+251954224198
000025,Henok,Solomon,Kebede,27,1,2004,M,Ethiopia,Mekelle,Ayder,8,92,+251979599809
000026,Henok,Daniel,Mekonnen,21,7,2004,M,Ethiopia,Addis Ababa,Bole,5,18,+251958712488
000027,Eden,Petros,Alemu,4,10,2001,F,Ethiopia,Bahir Dar,Belay Zeleke,4,197,+251946592587
000028,Liya,Abraham,Bekele,13,11,2001,F,Ethiopia,Bishoftu,Kebele 04,2,59,+251935099828
000029,Michael,Mulugeta,Mekonnen,26,3,2000,M,Ethiopia,Dire Dawa,Sabiyan,5,163,+251936513329
000030,Bethel,Getachew,Bekele,12,3,2003,F,Ethiopia,Adama,Adama,8,145,+251914136450
000031,Hana,Solomon,Assefa,19,8,1998,F,Ethiopia,Dire Dawa,Sabiyan,2,181,+251990568310
000032,Ruth,Fikru,Negash,5,10,2000,F,Ethiopia,Bishoftu,Kebele 04,7,235,+251936317899
000033,Sara,Solomon,Bekele,5,9,2004,F,Ethiopia,Adama,Adama,5,101,+251993476519
000034,Daniel,Solomon,Haile,11,2,2004,M,Ethiopia,Jimma,Hirmata,3,179,+251918527500
000035,Yonas,Mulugeta,Tamiru,7,3,1997,M,Ethiopia,Jimma,Hirmata,1,56,+251970496400
000036,Daniel,Abraham,Negash,2,5,2000,M,Ethiopia,Bishoftu,Kebele 04,4,14,+251975357766
000037,Michael,Abraham,Girma,14,6,1995,M,Ethiopia,Bahir Dar,Belay Zeleke,1,242,+251985739201
000038,Nahom,Abraham,Tamiru,10,3,2005,M,Ethiopia,Dire Dawa,Sabiyan,9,167,+251966733356
000039,Rahel,Mulugeta,Bekele,6,1,2000,F,Ethiopia,Bahir Dar,Belay Zeleke,4,282,+251977854946
000040,Dawit,Daniel,Mekonnen,11,4,1995,M,Ethiopia,Bishoftu,Kebele 04,7,239,+251972885094
000041,Yonas,Fikru,Tadesse,25,7,1998,M,Ethiopia,Adama,Adama,3,124,+251911858543
000042,Michael,Getachew,Kebede,23,3,2004,M,Ethiopia,Jimma,Hirmata,5,194,+251930486473
000043,Samuel,Getachew,Mekonnen,9,5,1995,M,Ethiopia,Bahir Dar,Belay Zeleke,8,283,+251920293127
000044,Sara,Fikru,Assefa,18,10,2004,F,Ethiopia,Hawassa,Tabor,9,138,+251930364978
000045,Sara,Solomon,Assefa,15,9,1999,F,Ethiopia,Bahir Dar,Belay Zeleke,10,153,+251939782205
000046,Michael,Solomon,Tadesse,3,2,1998,M,Ethiopia,Addis Ababa,Bole,8,69,+251963677940
000047,Michael,Daniel,Bekele,7,7,2004,M,Ethiopia,Jimma,Hirmata,6,201,+251928186631
000048,Michael,Fikru,Negash,23,9,2004,M,Ethiopia,Addis Ababa,Bole,4,78,+251965432054
000049,Kaleb,Petros,Bekele,7,8,2001,M,Ethiopia,Addis Ababa,Bole,9,275,+251963095356
000050,Yonas,Petros,Girma,8,7,1997,M,Ethiopia,Addis Ababa,Yeka,3,75,+251983355719
000051,Michael,Worku,Negash,23,11,2002,M,Ethiopia,Debre Markos,Kebele 02,2,57,+251978415190
000052,Michael,Tesfaye,Negash,21,12,2000,M,Ethiopia,Dire Dawa,Sabiyan,3,57,+251930002600
000053,Nahom,Tesfaye,Haile,26,4,2002,M,Ethiopia,Dire Dawa,Sabiyan,7,12,+251942823781
000054,Michael,Mulugeta,Mekonnen,18,7,1999,M,Ethiopia,Jimma,Hirmata,8,94,+251996045287
000055,Liya,Daniel,Girma,16,2,1995,F,Ethiopia,Jimma,Hirmata,10,269,+251949100591
000056,Samuel,Abraham,Haile,5,3,1998,M,Ethiopia,Adama,Adama,4,21,+251944425538
000057,Saba,Solomon,Alemu,5,10,2005,F,Ethiopia,Bahir Dar,Belay Zeleke,6,89,+251954700632
000058,Kaleb,Abraham,Kebede,8,8,1995,M,Ethiopia,Adama,Adama,9,63,+251930086410
000059,Dawit,Abraham,Girma,7,2,2004,M,Ethiopia,Mekelle,Ayder,8,111,+251941304873
000060,Sara,Solomon,Assefa,6,9,1996,F,Ethiopia,Jimma,Hirmata,2,85,+251910117994
000061,Ruth,Daniel,Negash,16,1,2002,F,Ethiopia,Addis Ababa,Bole,3,241,+251972422217
000062,Samuel,Worku,Negash,10,4,2004,M,Ethiopia,Bishoftu,Kebele 04,10,151,+251975292046
000063,Abel,Tesfaye,Tamiru,15,6,2005,M,Ethiopia,Hawassa,Tabor,5,234,+251919192465
000064,Mahi,Kebede,Tadesse,19,1,1995,F,Ethiopia,Bahir Dar,Belay Zeleke,2,300,+251972083838
000065,Mahi,Getachew,Tamiru,20,12,2002,F,Ethiopia,Bishoftu,Kebele 04,7,38,+251925295141
000066,Kaleb,Solomon,Bekele,2,5,2000,M,Ethiopia,Debre Markos,Kebele 02,3,204,+251998879338
000067,Michael,Daniel,Tadesse,3,5,2004,M,Ethiopia,Addis Ababa,Yeka,5,66,+251979950894
000068,Selam,Solomon,Haile,23,8,1998,F,Ethiopia,Dire Dawa,Sabiyan,6,188,+251976175487
000069,Bethel,Solomon,Alemu,6,7,1995,F,Ethiopia,Bahir Dar,Belay Zeleke,8,206,+251948451346
000070,Henok,Abraham,Alemu,6,5,1997,M,Ethiopia,Bahir Dar,Belay Zeleke,1,191,+251983075063
000071,Liya,Kebede,Kebede,5,8,1999,F,Ethiopia,Dire Dawa,Sabiyan,2,146,+251946767171
000072,Binyam,Abraham,Tadesse,16,11,2004,M,Ethiopia,Bahir Dar,Belay Zeleke,4,159,+251947182589
000073,Mahi,Daniel,Negash,8,7,2000,F,Ethiopia,Addis Ababa,Yeka,9,128,+251975207759
000074,Selam,Tesfaye,Kebede,3,8,2000,F,Ethiopia,Mekelle,Ayder,9,57,+251941781456
000075,Selam,Kebede,Negash,27,3,1996,F,Ethiopia,Bishoftu,Kebele 04,6,116,+251913439616
000076,Eden,Tesfaye,Bekele,3,12,1996,F,Ethiopia,Addis Ababa,Yeka,6,165,+251988347082
000077,Kaleb,Tesfaye,Alemu,2,3,1995,M,Ethiopia,Dire Dawa,Sabiyan,1,22,+251959901230
000078,Hana,Abraham,Alemu,14,10,2005,F,Ethiopia,Mekelle,Ayder,5,64,+251917438838
000079,Ruth,Kebede,Alemu,6,11,2005,F,Ethiopia,Jimma,Hirmata,1,15,+251993282483
000080,Rahel,Abraham,Bekele,19,6,2004,F,Ethiopia,Bahir Dar,Belay Zeleke,4,278,+251933162542
000081,Binyam,Daniel,Kebede,17,12,2000,M,Ethiopia,Jimma,Hirmata,5,277,+251939287443
000082,Yonas,Kebede,Tadesse,3,6,2001,M,Ethiopia,Debre Markos,Kebele 02,5,110,+251984527238
000083,Samuel,Getachew,Tamiru,7,3,1999,M,Ethiopia,Hawassa,Tabor,1,95,+251998301339
000084,Kaleb,Fikru,Haile,25,1,2005,M,Ethiopia,Bahir Dar,Belay Zeleke,9,136,+251957654355
000085,Samuel,Mulugeta,Kebede,15,2,2004,M,Ethiopia,Dire Dawa,Sabiyan,5,172,+251921586209
000086,Daniel,Solomon,Negash,17,10,2002,M,Ethiopia,Adama,Adama,5,29,+251959615927
000087,Henok,Kebede,Bekele,20,5,1997,M,Ethiopia,Addis Ababa,Yeka,8,165,+251923572588
000088,Samuel,Worku,Assefa,6,7,1997,M,Ethiopia,Dire Dawa,Sabiyan,4,269,+251913322997
000089,Henok,Mulugeta,Negash,25,3,1995,M,Ethiopia,Hawassa,Tabor,9,268,+251965061009
000090,Nahom,Worku,Mekonnen,5,5,2004,M,Ethiopia,Bishoftu,Kebele 04,6,154,+251945836383
000091,Henok,Mulugeta,Mekonnen,3,12,1999,M,Ethiopia,Dire Dawa,Sabiyan,3,162,+251949558291
000092,Mahi,Abraham,Alemu,16,7,1995,F,Ethiopia,Bishoftu,Kebele 04,5,285,+251993840132
000093,Liya,Solomon,Girma,24,12,1998,F,Ethiopia,Bahir Dar,Belay Zeleke,1,117,+251952570460
000094,Binyam,Mulugeta,Tamiru,20,9,2003,M,Ethiopia,Bishoftu,Kebele 04,6,77,+251959013237
000095,Michael,Getachew,Girma,11,10,2004,M,Ethiopia,Adama,Adama,3,49,+251910622633
000096,Saba,Solomon,Mekonnen,2,2,2003,F,Ethiopia,Dire Dawa,Sabiyan,8,213,+251980648840
000097,Sara,Solomon,Negash,12,2,2000,F,Ethiopia,Hawassa,Tabor,7,238,+251949100504
000098,Samuel,Mulugeta,Tadesse,6,9,2005,M,Ethiopia,Adama,Adama,4,176,+251958783726
000099,Sara,Kebede,Kebede,9,3,1996,F,Ethiopia,Addis Ababa,Yeka,7,296,+251972239261
000100,Dawit,Tesfaye,Mekonnen,3,3,1997,M,Ethiopia,Addis Ababa,Yeka,7,134,+251929914209
000101,Daniel,Mulugeta,Bekele,5,11,2005,M,Ethiopia,Bahir Dar,Belay Zeleke,6,105,+251995465943
000102,Michael,Getachew,Kebede,25,6,1999,M,Ethiopia,Adama,Adama,9,152,+251989706893
000103,Dawit,Fikru,Tadesse,4,4,1998,M,Ethiopia,Adama,Adama,3,256,+251973326660
000104,Yonas,Getachew,Tadesse,3,12,2001,M,Ethiopia,Jimma,Hirmata,4,286,+251929687649
000105,Mahi,Getachew,Tamiru,12,8,2005,F,Ethiopia,Dire Dawa,Sabiyan,10,164,+251995390728
000106,Binyam,Fikru,Haile,11,3,2000,M,Ethiopia,Jimma,Hirmata,6,163,+251974026860
000107,Eden,Solomon,Assefa,17,11,1999,F,Ethiopia,Jimma,Hirmata,1,51,+251965367344
000108,Saba,Abraham,Negash,22,1,2004,F,Ethiopia,Hawassa,Tabor,6,42,+251920469759
000109,Selam,Kebede,Kebede,16,7,1997,F,Ethiopia,Adama,Adama,1,151,+251950281449
000110,Binyam,Daniel,Negash,10,7,2002,M,Ethiopia,Mekelle,Ayder,10,291,+251933139048
000111,Daniel,Worku,Negash,16,12,1996,M,Ethiopia,Mekelle,Ayder,7,218,+251988820246
000112,Samuel,Mulugeta,Bekele,12,5,2005,M,Ethiopia,Bahir Dar,Belay Zeleke,7,17,+251924986598
000113,Binyam,Tesfaye,Haile,26,3,2002,M,Ethiopia,Jimma,Hirmata,10,274,+251976324872
000114,Michael,Getachew,Bekele,21,9,2003,M,Ethiopia,Adama,Adama,9,201,+251958742816
000115,Daniel,Fikru,Girma,25,3,2000,M,Ethiopia,Hawassa,Tabor,8,171,+251947155241
000116,Ruth,Abraham,Bekele,22,1,2003,F,Ethiopia,Bahir Dar,Belay Zeleke,5,63,+251990739981
000117,Michael,Abraham,Bekele,18,9,2005,M,Ethiopia,Bahir Dar,Belay Zeleke,2,295,+251988623521
000118,Kaleb,Kebede,Mekonnen,22,9,1997,M,Ethiopia,Adama,Adama,10,153,+251989097625
000119,Daniel,Fikru,Mekonnen,26,5,2002,M,Ethiopia,Dire Dawa,Sabiyan,7,295,+251949068267
000120,Rahel,Fikru,Alemu,26,3,1999,F,Ethiopia,Bahir Dar,Belay Zeleke,7,297,+251962453816
000121,Samuel,Fikru,Assefa,4,8,2002,M,Ethiopia,Bishoftu,Kebele 04,4,180,+251985382382
000122,Bethel,Tesfaye,Kebede,25,8,2003,F,Ethiopia,Addis Ababa,Yeka,6,300,+251962658339
000123,Dawit,Kebede,Negash,1,4,2002,M,Ethiopia,Mekelle,Ayder,4,279,+251946410806
000124,Abel,Daniel,Kebede,17,3,2002,M,Ethiopia,Mekelle,Ayder,4,230,+251965241255
000125,Hana,Kebede,Tamiru,9,1,1999,F,Ethiopia,Addis Ababa,Yeka,10,80,+251967414231
000126,Dawit,Kebede,Bekele,3,7,1998,M,Ethiopia,Hawassa,Tabor,3,11,+251973797154
000127,Hana,Worku,Tadesse,4,1,2005,F,Ethiopia,Bahir Dar,Belay Zeleke,10,20,+251924467336
000128,Yonas,Daniel,Tamiru,16,7,2005,M,Ethiopia,Hawassa,Tabor,10,109,+251999044994
000129,Binyam,Abraham,Tamiru,17,3,1998,M,Ethiopia,Adama,Adama,1,42,+251981721222
000130,Dawit,Petros,Haile,20,7,2003,M,Ethiopia,Dire Dawa,Sabiyan,2,35,+251934714189
000131,Sara,Worku,Bekele,23,11,2000,F,Ethiopia,Dire Dawa,Sabiyan,5,113,+251917710033
000132,Eden,Getachew,Haile,24,4,1998,F,Ethiopia,Dire Dawa,Sabiyan,6,83,+251944731499
000133,Michael,Solomon,Tadesse,17,12,2004,M,Ethiopia,Bishoftu,Kebele 04,5,84,+251917924517
000134,Mahi,Abraham,Girma,5,2,2004,F,Ethiopia,Bahir Dar,Belay Zeleke,9,270,+251941951806
000135,Rahel,Daniel,Kebede,13,6,2000,F,Ethiopia,Jimma,Hirmata,10,76,+251983629569
000136,Abel,Petros,Haile,10,6,2003,M,Ethiopia,Bishoftu,Kebele 04,10,256,+251929752227
000137,Liya,Worku,Tadesse,26,4,1999,F,Ethiopia,Debre Markos,Kebele 02,3,266,+251981648419
000138,Selam,Fikru,Bekele,11,12,1999,F,Ethiopia,Debre Markos,Kebele 02,2,161,+251959406088
000139,Abel,Solomon,Assefa,18,12,2004,M,Ethiopia,Jimma,Hirmata,1,238,+251924340730
000140,Daniel,Tesfaye,Bekele,23,5,1997,M,Ethiopia,Dire Dawa,Sabiyan,8,24,+251962704223
000141,Liya,Fikru,Tadesse,9,10,2000,F,Ethiopia,Addis Ababa,Yeka,1,127,+251984306796
000142,Selam,Abraham,Negash,10,5,2000,F,Ethiopia,Jimma,Hirmata,2,74,+251956759211
000143,Henok,Kebede,Alemu,7,3,1995,M,Ethiopia,Bishoftu,Kebele 04,10,86,+251942684991
000144,Henok,Worku,Tadesse,25,8,1996,M,Ethiopia,Debre Markos,Kebele 02,8,99,+251951288294
000145,Mahi,Mulugeta,Negash,15,9,1998,F,Ethiopia,Adama,Adama,4,168,+251958607046
000146,Dawit,Worku,Bekele,7,1,1996,M,Ethiopia,Mekelle,Ayder,5,262,+251967499099
000147,Liya,Abraham,Assefa,23,12,2002,F,Ethiopia,Bishoftu,Kebele 04,10,126,+251992450232
000148,Saba,Fikru,Bekele,2,3,2002,F,Ethiopia,Addis Ababa,Bole,8,257,+251928253555
000149,Bethel,Abraham,Assefa,24,11,1999,F,Ethiopia,Dire Dawa,Sabiyan,8,170,+251958798376
000150,Kaleb,Getachew,Kebede,16,12,2005,M,Ethiopia,Dire Dawa,Sabiyan,4,186,+251921485062
000151,Henok,Worku,Tamiru,19,6,1995,M,Ethiopia,Addis Ababa,Yeka,2,97,+251954189031
000152,Samuel,Petros,Assefa,6,4,2005,M,Ethiopia,Addis Ababa,Bole,4,205,+251978966202
000153,Ruth,Getachew,Mekonnen,23,12,2000,F,Ethiopia,Dire Dawa,Sabiyan,6,128,+251974640454
000154,Mahi,Tesfaye,Assefa,24,6,1997,F,Ethiopia,Addis Ababa,Bole,2,125,+251998960441
000155,Kaleb,Abraham,Mekonnen,3,2,2003,M,Ethiopia,Debre Markos,Kebele 02,2,282,+251987439368
000156,Sara,Worku,Tamiru,21,3,1998,F,Ethiopia,Mekelle,Ayder,5,133,+251941409702
000157,Abel,Abraham,Assefa,24,1,2002,M,Ethiopia,Mekelle,Ayder,9,3,+251946781860
000158,Hana,Getachew,Tamiru,17,7,1995,F,Ethiopia,Debre Markos,Kebele 02,4,255,+251918716607
000159,Abel,Fikru,Kebede,12,2,1999,M,Ethiopia,Hawassa,Tabor,10,158,+251912072269
000160,Saba,Kebede,Haile,1,10,2000,F,Ethiopia,Debre Markos,Kebele 02,2,242,+251939992619
000161,Binyam,Kebede,Assefa,16,1,1997,M,Ethiopia,Debre Markos,Kebele 02,10,289,+251917144346
000162,Dawit,Getachew,Assefa,6,8,1997,M,Ethiopia,Mekelle,Ayder,10,292,+251945791925
000163,Liya,Daniel,Bekele,6,4,1995,F,Ethiopia,Bishoftu,Kebele 04,10,243,+251946583492
000164,Bethel,Fikru,Assefa,7,6,1998,F,Ethiopia,Dire Dawa,Sabiyan,8,260,+251954585504
000165,Samuel,Abraham,Tamiru,9,9,2005,M,Ethiopia,Hawassa,Tabor,10,216,+251946053852
000166,Samuel,Petros,Assefa,16,11,1995,M,Ethiopia,Bishoftu,Kebele 04,2,268,+251961167126
000167,Michael,Solomon,Negash,25,12,1999,M,Ethiopia,Hawassa,Tabor,9,8,+251935883821
000168,Saba,Mulugeta,Negash,5,5,1999,F,Ethiopia,Bahir Dar,Belay Zeleke,1,259,+251975509933
000169,Samuel,Kebede,Alemu,28,9,1996,M,Ethiopia,Bishoftu,Kebele 04,8,76,+251927790214
000170,Bethel,Tesfaye,Haile,5,5,1999,F,Ethiopia,Addis Ababa,Yeka,2,54,+251926864311
000171,Saba,Fikru,Mekonnen,19,12,1997,F,Ethiopia,Adama,Adama,3,69,+251961122083
000172,Eden,Daniel,Tadesse,13,5,2002,F,Ethiopia,Addis Ababa,Yeka,8,119,+251917611503
000173,Rahel,Solomon,Girma,9,2,1997,F,Ethiopia,Adama,Adama,6,117,+251962940665
000174,Eden,Tesfaye,Haile,17,3,2002,F,Ethiopia,Addis Ababa,Bole,8,4,+251972365737
000175,Binyam,Petros,Alemu,2,1,2000,M,Ethiopia,Dire Dawa,Sabiyan,6,154,+251925284825
000176,Michael,Tesfaye,Girma,26,3,2003,M,Ethiopia,Adama,Adama,6,208,+251912144201
000177,Daniel,Kebede,Negash,27,3,2004,M,Ethiopia,Mekelle,Ayder,6,3,+251931059916
000178,Hana,Abraham,Haile,15,11,1997,F,Ethiopia,Bahir Dar,Belay Zeleke,6,163,+251971077855
000179,Mahi,Kebede,Assefa,22,4,2001,F,Ethiopia,Mekelle,Ayder,6,34,+251977321433
000180,Ruth,Mulugeta,Mekonnen,15,9,1999,F,Ethiopia,Addis Ababa,Yeka,3,60,+251988294006
000181,Michael,Daniel,Alemu,14,5,1997,M,Ethiopia,Addis Ababa,Yeka,8,249,+251912936911
000182,Mahi,Solomon,Girma,23,12,1999,F,Ethiopia,Addis Ababa,Yeka,6,34,+251914416024
000183,Dawit,Abraham,Mekonnen,16,1,2000,M,Ethiopia,Jimma,Hirmata,10,63,+251918733649
000184,Kaleb,Fikru,Girma,10,12,2005,M,Ethiopia,Debre Markos,Kebele 02,1,234,+251949788289
000185,Ruth,Worku,Tadesse,22,9,1999,F,Ethiopia,Dire Dawa,Sabiyan,8,180,+251935889230
000186,Daniel,Getachew,Bekele,25,8,2001,M,Ethiopia,Addis Ababa,Bole,4,254,+251959414915
000187,Daniel,Abraham,Mekonnen,16,9,1996,M,Ethiopia,Adama,Adama,9,103,+251950745022
000188,Sara,Tesfaye,Negash,25,3,2001,F,Ethiopia,Dire Dawa,Sabiyan,7,196,+251982322212
000189,Michael,Worku,Girma,11,4,2004,M,Ethiopia,Addis Ababa,Bole,2,223,+251993947909
000190,Abel,Worku,Assefa,25,9,1996,M,Ethiopia,Hawassa,Tabor,3,185,+251961990389
000191,Abel,Tesfaye,Tamiru,27,6,2003,M,Ethiopia,Bishoftu,Kebele 04,10,247,+251941149396
000192,Binyam,Petros,Alemu,9,12,2002,M,Ethiopia,Addis Ababa,Bole,6,65,+251914735812
000193,Liya,Worku,Bekele,9,6,2001,F,Ethiopia,Debre Markos,Kebele 02,3,36,+251920611088
000194,Nahom,Kebede,Bekele,6,12,1998,M,Ethiopia,Bishoftu,Kebele 04,9,283,+251922950564
000195,Kaleb,Tesfaye,Negash,3,1,2000,M,Ethiopia,Adama,Adama,2,210,+251911688286
000196,Saba,Tesfaye,Bekele,21,3,2004,F,Ethiopia,Mekelle,Ayder,6,47,+251979373277
000197,Binyam,Mulugeta,Girma,28,2,2001,M,Ethiopia,Hawassa,Tabor,4,274,+251997853064
000198,Michael,Kebede,Mekonnen,4,10,1995,M,Ethiopia,Addis Ababa,Bole,10,93,+251917684642
000199,Michael,Abraham,Tamiru,18,12,2005,M,Ethiopia,Addis Ababa,Bole,10,92,+251932754493
000200,Yonas,Daniel,Tamiru,10,11,1996,M,Ethiopia,Adama,Adama,7,235,+251937086625
000201,Abel,Daniel,Kebede,8,1,2005,M,Ethiopia,Dire Dawa,Sabiyan,2,225,+251973737005
000202,Saba,Petros,Kebede,3,6,2002,F,Ethiopia,Bahir Dar,Belay Zeleke,2,95,+251932545327
000203,Liya,Fikru,Kebede,22,11,1995,F,Ethiopia,Jimma,Hirmata,7,217,+251915776389
000204,Dawit,Kebede,Negash,8,7,1996,M,Ethiopia,Addis Ababa,Yeka,7,39,+251953604988
000205,Ruth,Kebede,Girma,14,9,2000,F,Ethiopia,Mekelle,Ayder,5,191,+251916018409
000206,Michael,Kebede,Mekonnen,14,8,1999,M,Ethiopia,Mekelle,Ayder,7,117,+251989080333
000207,Ruth,Mulugeta,Alemu,18,8,2001,F,Ethiopia,Adama,Adama,8,146,+251974329128
000208,Nahom,Mulugeta,Bekele,25,9,2005,M,Ethiopia,Dire Dawa,Sabiyan,1,48,+251977570481
000209,Binyam,Daniel,Haile,23,8,2004,M,Ethiopia,Adama,Adama,2,185,+251965491698
000210,Yonas,Mulugeta,Tadesse,1,5,1995,M,Ethiopia,Addis Ababa,Bole,6,219,+251953763201
000211,Bethel,Mulugeta,Assefa,28,1,1998,F,Ethiopia,Adama,Adama,5,127,+251910766995
000212,Yonas,Mulugeta,Haile,12,9,1996,M,Ethiopia,Hawassa,Tabor,5,57,+251977681746
000213,Dawit,Fikru,Tamiru,20,7,1998,M,Ethiopia,Jimma,Hirmata,2,272,+251969328668
000214,Mahi,Kebede,Tamiru,1,9,1997,F,Ethiopia,Jimma,Hirmata,4,60,+251938146857
000215,Saba,Petros,Bekele,3,10,2001,F,Ethiopia,Mekelle,Ayder,8,127,+251934759063
000216,Abel,Worku,Assefa,23,8,2002,M,Ethiopia,Jimma,Hirmata,8,249,+251991227929
000217,Rahel,Abraham,Kebede,16,4,2002,F,Ethiopia,Addis Ababa,Bole,3,220,+251938215874
000218,Yonas,Solomon,Kebede,23,5,2000,M,Ethiopia,Adama,Adama,4,202,+251938333274
000219,Bethel,Solomon,Tamiru,26,1,1997,F,Ethiopia,Dire Dawa,Sabiyan,3,129,+251925743027
000220,Hana,Mulugeta,Girma,3,2,2003,F,Ethiopia,Mekelle,Ayder,3,85,+251953649654
000221,Selam,Fikru,Haile,27,7,2001,F,Ethiopia,Bahir Dar,Belay Zeleke,8,166,+251939382274
000222,Liya,Solomon,Haile,12,2,1996,F,Ethiopia,Jimma,Hirmata,1,97,+251943999352
000223,Henok,Solomon,Bekele,19,5,1997,M,Ethiopia,Debre Markos,Kebele 02,5,291,+251983771265
000224,Samuel,Getachew,Negash,13,2,1995,M,Ethiopia,Debre Markos,Kebele 02,7,126,+251952920243
000225,Rahel,Mulugeta,Tamiru,27,3,1997,F,Ethiopia,Hawassa,Tabor,10,224,+251968241346
000226,Daniel,Getachew,Alemu,10,3,2005,M,Ethiopia,Adama,Adama,7,75,+251929196634
000227,Ruth,Abraham,Haile,6,6,2004,F,Ethiopia,Adama,Adama,3,167,+251963779722
000228,Yonas,Abraham,Kebede,16,5,1998,M,Ethiopia,Dire Dawa,Sabiyan,1,35,+251952299119
000229,Saba,Tesfaye,Tadesse,9,11,1996,F,Ethiopia,Hawassa,Tabor,7,220,+251911778313
000230,Michael,Abraham,Bekele,17,1,2005,M,Ethiopia,Bahir Dar,Belay Zeleke,2,49,+251941083534
000231,Daniel,Daniel,Mekonnen,5,2,2002,M,Ethiopia,Jimma,Hirmata,1,265,+251911322239
000232,Selam,Fikru,Mekonnen,14,11,2000,F,Ethiopia,Jimma,Hirmata,3,92,+251954967165
000233,Michael,Abraham,Assefa,17,11,2002,M,Ethiopia,Dire Dawa,Sabiyan,4,83,+251973744516
000234,Bethel,Petros,Kebede,22,11,1999,F,Ethiopia,Adama,Adama,10,287,+251934559232
000235,Samuel,Worku,Bekele,18,8,2000,M,Ethiopia,Adama,Adama,6,109,+251936867744
000236,Michael,Getachew,Bekele,2,1,1996,M,Ethiopia,Mekelle,Ayder,4,217,+251919889697
000237,Samuel,Kebede,Negash,18,5,2002,M,Ethiopia,Bishoftu,Kebele 04,1,243,+251980256765
000238,Nahom,Petros,Kebede,16,7,1996,M,Ethiopia,Addis Ababa,Bole,1,98,+251993340095
000239,Binyam,Getachew,Tadesse,21,4,2005,M,Ethiopia,Dire Dawa,Sabiyan,5,113,+251999020743
000240,Sara,Mulugeta,Tadesse,24,7,1999,F,Ethiopia,Dire Dawa,Sabiyan,10,239,+251961518664
000241,Sara,Abraham,Tamiru,3,8,2005,F,Ethiopia,Mekelle,Ayder,10,95,+251965878531
000242,Rahel,Daniel,Alemu,3,9,2001,F,Ethiopia,Debre Markos,Kebele 02,6,46,+251978926884
000243,Hana,Fikru,Kebede,26,1,1996,F,Ethiopia,Mekelle,Ayder,10,174,+251974159512
000244,Saba,Fikru,Girma,8,7,2001,F,Ethiopia,Mekelle,Ayder,8,8,+251987605179
000245,Bethel,Tesfaye,Negash,24,6,2004,F,Ethiopia,Adama,Adama,5,151,+251989067912
000246,Michael,Getachew,Kebede,8,2,2001,M,Ethiopia,Mekelle,Ayder,7,184,+251930259639
000247,Rahel,Daniel,Negash,20,8,1996,F,Ethiopia,Bahir Dar,Belay Zeleke,4,116,+251914923741
000248,Binyam,Abraham,Haile,28,11,1995,M,Ethiopia,Addis Ababa,Yeka,7,237,+251942914227
000249,Saba,Tesfaye,Kebede,14,3,2002,F,Ethiopia,Addis Ababa,Bole,2,189,+251914341170
000250,Kaleb,Petros,Girma,13,2,2001,M,Ethiopia,Adama,Adama,1,224,+251956816201
000251,Nahom,Petros,Negash,2,11,1998,M,Ethiopia,Mekelle,Ayder,9,186,+251948634932
000252,Sara,Abraham,Haile,11,12,1996,F,Ethiopia,Adama,Adama,10,119,+251911635555
000253,Selam,Abraham,Tamiru,12,11,2003,F,Ethiopia,Addis Ababa,Yeka,2,125,+251998973867
000254,Binyam,Getachew,Kebede,11,5,1996,M,Ethiopia,Debre Markos,Kebele 02,7,155,+251949189059
000255,Daniel,Tesfaye,Assefa,14,9,2002,M,Ethiopia,Bahir Dar,Belay Zeleke,2,62,+251935679412
000256,Yonas,Mulugeta,Tamiru,9,12,2003,M,Ethiopia,Adama,Adama,6,19,+251916581467
000257,Michael,Getachew,Girma,15,2,1999,M,Ethiopia,Addis Ababa,Yeka,4,185,+251986026262
000258,Dawit,Daniel,Kebede,4,6,2001,M,Ethiopia,Jimma,Hirmata,7,64,+251967215150
000259,Abel,Getachew,Bekele,4,4,2004,M,Ethiopia,Bahir Dar,Belay Zeleke,8,107,+251983940156
000260,Nahom,Fikru,Tamiru,23,6,2001,M,Ethiopia,Mekelle,Ayder,7,291,+251930482696
000261,Hana,Daniel,Haile,6,10,2003,F,Ethiopia,Mekelle,Ayder,3,156,+251984604595
000262,Samuel,Fikru,Girma,28,3,2002,M,Ethiopia,Hawassa,Tabor,2,217,+251973281039
000263,Kaleb,Worku,Tadesse,25,8,2004,M,Ethiopia,Adama,Adama,7,219,+251946695208
000264,Liya,Tesfaye,Haile,28,11,1997,F,Ethiopia,Dire Dawa,Sabiyan,8,188,+251983813531
000265,Rahel,Getachew,Negash,28,3,2001,F,Ethiopia,Bahir Dar,Belay Zeleke,8,94,+251999463087
000266,Kaleb,Fikru,Mekonnen,27,10,2002,M,Ethiopia,Mekelle,Ayder,3,55,+251970919228
000267,Kaleb,Abraham,Assefa,6,4,1998,M,Ethiopia,Dire Dawa,Sabiyan,3,18,+251917768134
000268,Saba,Worku,Assefa,13,6,2003,F,Ethiopia,Adama,Adama,4,29,+251947738055
000269,Bethel,Mulugeta,Tamiru,15,11,2001,F,Ethiopia,Bahir Dar,Belay Zeleke,8,212,+251951084665
000270,Sara,Petros,Kebede,22,11,2000,F,Ethiopia,Adama,Adama,8,277,+251925896507
000271,Bethel,Petros,Bekele,10,6,2002,F,Ethiopia,Debre Markos,Kebele 02,7,115,+251979447714
000272,Selam,Getachew,Kebede,25,10,1998,F,Ethiopia,Debre Markos,Kebele 02,2,48,+251982000552
000273,Rahel,Kebede,Negash,13,1,1995,F,Ethiopia,Adama,Adama,1,23,+251975879266
000274,Kaleb,Petros,Girma,17,8,1997,M,Ethiopia,Bahir Dar,Belay Zeleke,7,225,+251973077725
000275,Yonas,Petros,Haile,8,8,1997,M,Ethiopia,Mekelle,Ayder,3,179,+251961595121
000276,Abel,Tesfaye,Tadesse,20,5,1999,M,Ethiopia,Hawassa,Tabor,5,266,+251918199978
000277,Bethel,Getachew,Tadesse,21,4,2002,F,Ethiopia,Dire Dawa,Sabiyan,6,123,+251998585330
000278,Henok,Worku,Negash,17,12,2003,M,Ethiopia,Jimma,Hirmata,9,146,+251966374961
000279,Daniel,Abraham,Girma,24,11,2003,M,Ethiopia,Hawassa,Tabor,2,199,+251954281142
000280,Dawit,Fikru,Alemu,13,5,1999,M,Ethiopia,Bishoftu,Kebele 04,6,240,+251944507573
000281,Abel,Solomon,Haile,16,10,2000,M,Ethiopia,Addis Ababa,Yeka,8,54,+251959437235
000282,Ruth,Fikru,Girma,2,1,2003,F,Ethiopia,Addis Ababa,Bole,3,204,+251940430799
000283,Dawit,Worku,Tamiru,25,6,1998,M,Ethiopia,Dire Dawa,Sabiyan,8,131,+251982722890
000284,Eden,Getachew,Girma,7,7,2005,F,Ethiopia,Jimma,Hirmata,7,217,+251961864325
000285,Hana,Mulugeta,Kebede,28,5,1998,F,Ethiopia,Adama,Adama,8,216,+251950128704
000286,Eden,Solomon,Bekele,10,9,2001,F,Ethiopia,Bishoftu,Kebele 04,9,221,+251951679671
000287,Rahel,Daniel,Haile,2,4,1995,F,Ethiopia,Adama,Adama,6,64,+251919615875
000288,Yonas,Fikru,Assefa,4,3,2002,M,Ethiopia,Jimma,Hirmata,2,182,+251951698102
000289,Selam,Kebede,Tadesse,27,7,1997,F,Ethiopia,Mekelle,Ayder,1,155,+251925068865
000290,Abel,Abraham,Assefa,16,12,1999,M,Ethiopia,Dire Dawa,Sabiyan,9,3,+251988138888
000291,Dawit,Tesfaye,Tamiru,27,11,2000,M,Ethiopia,Bahir Dar,Belay Zeleke,9,179,+251938683922
000292,Nahom,Getachew,Bekele,20,5,2003,M,Ethiopia,Dire Dawa,Sabiyan,4,298,+251972438725
000293,Eden,Tesfaye,Alemu,25,7,1999,F,Ethiopia,Mekelle,Ayder,9,38,+251950745601
000294,Mahi,Tesfaye,Girma,28,6,1996,F,Ethiopia,Adama,Adama,5,107,+251991566809
000295,Eden,Kebede,Mekonnen,19,7,2005,F,Ethiopia,Mekelle,Ayder,4,157,+251990572495
000296,Ruth,Abraham,Alemu,12,5,1996,F,Ethiopia,Hawassa,Tabor,6,220,+251921230445
000297,Nahom,Abraham,Haile,5,2,1997,M,Ethiopia,Debre Markos,Kebele 02,1,163,+251944060767
000298,Eden,Abraham,Alemu,1,10,1999,F,Ethiopia,Hawassa,Tabor,5,161,+251972517960
000299,Abel,Getachew,Mekonnen,4,4,1995,M,Ethiopia,Hawassa,Tabor,10,188,+251991995043
000300,Abel,Petros,Girma,10,9,2003,M,Ethiopia,Bishoftu,Kebele 04,6,98,+251954058719
000301,Selam,Getachew,Tamiru,16,12,1996,F,Ethiopia,Addis Ababa,Bole,6,173,+251938411321
000302,Mahi,Worku,Kebede,19,6,2003,F,Ethiopia,Debre Markos,Kebele 02,9,287,+251954103337
000303,Yonas,Petros,Tadesse,16,6,1996,M,Ethiopia,Bahir Dar,Belay Zeleke,6,231,+251944098789
000304,Rahel,Solomon,Tadesse,16,12,1996,F,Ethiopia,Mekelle,Ayder,5,50,+251924065560
000305,Mahi,Tesfaye,Mekonnen,4,12,1996,F,Ethiopia,Bahir Dar,Belay Zeleke,7,3,+251928382023
000306,Henok,Fikru,Alemu,6,10,2001,M,Ethiopia,Debre Markos,Kebele 02,10,27,+251919205482
000307,Yonas,Tesfaye,Alemu,14,1,2002,M,Ethiopia,Addis Ababa,Bole,2,201,+251958976533
000308,Binyam,Getachew,Bekele,28,10,1996,M,Ethiopia,Adama,Adama,8,265,+251955466032
000309,Dawit,Abraham,Assefa,4,6,2001,M,Ethiopia,Bahir Dar,Belay Zeleke,5,210,+251967908611
000310,Samuel,Mulugeta,Negash,15,2,1998,M,Ethiopia,Hawassa,Tabor,2,12,+251983357558
000311,Saba,Abraham,Kebede,26,9,2002,F,Ethiopia,Debre Markos,Kebele 02,2,272,+251940739230
000312,Ruth,Kebede,Mekonnen,2,1,2003,F,Ethiopia,Debre Markos,Kebele 02,7,282,+251916422870
000313,Selam,Abraham,Negash,2,5,2003,F,Ethiopia,Bahir Dar,Belay Zeleke,3,289,+251969983839
000314,Nahom,Mulugeta,Bekele,12,3,1995,M,Ethiopia,Debre Markos,Kebele 02,9,80,+251997736291
000315,Ruth,Tesfaye,Negash,11,4,1999,F,Ethiopia,Adama,Adama,9,103,+251973802842
000316,Kaleb,Solomon,Negash,26,5,1999,M,Ethiopia,Jimma,Hirmata,3,256,+251926314478
000317,Daniel,Petros,Negash,21,7,2001,M,Ethiopia,Bahir Dar,Belay Zeleke,3,4,+251988302382
000318,Dawit,Mulugeta,Mekonnen,25,5,2005,M,Ethiopia,Addis Ababa,Bole,4,223,+251984149097
000319,Binyam,Fikru,Tadesse,13,3,1995,M,Ethiopia,Hawassa,Tabor,1,110,+251921920094
000320,Eden,Mulugeta,Tadesse,24,1,2005,F,Ethiopia,Bishoftu,Kebele 04,2,54,+251992139234
000321,Liya,Petros,Bekele,8,4,1999,F,Ethiopia,Debre Markos,Kebele 02,5,271,+251972378244
000322,Sara,Daniel,Assefa,17,9,2001,F,Ethiopia,Addis Ababa,Yeka,9,259,+251973677214
000323,Dawit,Getachew,Alemu,20,11,2001,M,Ethiopia,Bahir Dar,Belay Zeleke,5,125,+251984365221
000324,Mahi,Mulugeta,Alemu,25,3,1999,F,Ethiopia,Bishoftu,Kebele 04,9,224,+251952059331
000325,Liya,Daniel,Girma,3,8,1997,F,Ethiopia,Mekelle,Ayder,6,234,+251959137610
000326,Eden,Worku,Bekele,16,10,1995,F,Ethiopia,Bahir Dar,Belay Zeleke,6,146,+251992669587
000327,Yonas,Kebede,Negash,20,4,2005,M,Ethiopia,Bahir Dar,Belay Zeleke,5,188,+251910145031
000328,Kaleb,Kebede,Bekele,9,7,2004,M,Ethiopia,Addis Ababa,Bole,6,265,+251938257861
000329,Selam,Fikru,Alemu,13,10,1997,F,Ethiopia,Jimma,Hirmata,1,134,+251941934782
000330,Samuel,Getachew,Haile,15,5,1996,M,Ethiopia,Dire Dawa,Sabiyan,7,200,+251940040532
000331,Sara,Worku,Haile,15,12,1997,F,Ethiopia,Addis Ababa,Yeka,5,88,+251984286059
000332,Binyam,Solomon,Assefa,17,6,2002,M,Ethiopia,Mekelle,Ayder,5,98,+251943813524
000333,Yonas,Worku,Bekele,25,6,1995,M,Ethiopia,Addis Ababa,Bole,5,96,+251972813868
000334,Sara,Worku,Assefa,21,6,1996,F,Ethiopia,Bishoftu,Kebele 04,10,264,+251975943036
000335,Dawit,Solomon,Bekele,1,6,1995,M,Ethiopia,Dire Dawa,Sabiyan,3,157,+251942090899
000336,Dawit,Petros,Girma,4,3,2005,M,Ethiopia,Mekelle,Ayder,8,151,+251972729972
000337,Hana,Daniel,Bekele,14,5,2005,F,Ethiopia,Addis Ababa,Bole,4,119,+251984628398
000338,Nahom,Getachew,Mekonnen,14,6,1999,M,Ethiopia,Adama,Adama,2,44,+251918963417
000339,Sara,Kebede,Negash,21,4,1996,F,Ethiopia,Hawassa,Tabor,3,133,+251952464928
000340,Kaleb,Mulugeta,Haile,26,12,2004,M,Ethiopia,Jimma,Hirmata,7,239,+251995532643
000341,Nahom,Getachew,Assefa,28,2,2002,M,Ethiopia,Jimma,Hirmata,4,124,+251953873202
000342,Liya,Solomon,Tamiru,19,1,2001,F,Ethiopia,Dire Dawa,Sabiyan,7,185,+251952446686
000343,Henok,Abraham,Bekele,16,8,1995,M,Ethiopia,Addis Ababa,Bole,1,2,+251923709886
000344,Dawit,Tesfaye,Mekonnen,15,10,1997,M,Ethiopia,Addis Ababa,Bole,9,244,+251986812584
000345,Nahom,Getachew,Negash,13,1,1999,M,Ethiopia,Mekelle,Ayder,1,184,+251988907877
000346,Nahom,Getachew,Mekonnen,24,2,1995,M,Ethiopia,Mekelle,Ayder,8,5,+251914726319
000347,Saba,Fikru,Tamiru,6,11,2005,F,Ethiopia,Dire Dawa,Sabiyan,10,156,+251984372384
000348,Mahi,Solomon,Kebede,25,9,2004,F,Ethiopia,Mekelle,Ayder,3,2,+251940240281
000349,Sara,Abraham,Assefa,11,6,2000,F,Ethiopia,Addis Ababa,Bole,5,161,+251918588610
000350,Eden,Solomon,Assefa,16,11,1998,F,Ethiopia,Hawassa,Tabor,6,60,+251942163102
000351,Michael,Fikru,Mekonnen,6,2,1999,M,Ethiopia,Jimma,Hirmata,9,169,+251916530461
000352,Yonas,Solomon,Tadesse,3,6,2000,M,Ethiopia,Adama,Adama,3,11,+251935058905
000353,Hana,Getachew,Assefa,19,4,1995,F,Ethiopia,Mekelle,Ayder,5,291,+251999946786
000354,Bethel,Daniel,Assefa,11,1,2002,F,Ethiopia,Hawassa,Tabor,9,199,+251951292060
000355,Eden,Abraham,Tadesse,6,2,2001,F,Ethiopia,Adama,Adama,3,152,+251976454934
000356,Sara,Fikru,Tadesse,19,12,2002,F,Ethiopia,Dire Dawa,Sabiyan,7,223,+251916931359
000357,Hana,Fikru,Haile,26,9,2005,F,Ethiopia,Dire Dawa,Sabiyan,2,96,+251960807328
000358,Eden,Getachew,Girma,27,12,2001,F,Ethiopia,Dire Dawa,Sabiyan,5,101,+251995540458
000359,Liya,Daniel,Tamiru,7,12,1999,F,Ethiopia,Bahir Dar,Belay Zeleke,9,159,+251983983194
000360,Rahel,Fikru,Tamiru,24,9,1999,F,Ethiopia,Addis Ababa,Bole,4,294,+251985486435
000361,Saba,Daniel,Negash,27,6,1999,F,Ethiopia,Addis Ababa,Bole,4,92,+251993317028
000362,Mahi,Abraham,Kebede,10,3,2002,F,Ethiopia,Hawassa,Tabor,3,284,+251943308439
000363,Liya,Daniel,Negash,7,6,1999,F,Ethiopia,Bishoftu,Kebele 04,5,21,+251919943435
000364,Henok,Fikru,Negash,10,9,1997,M,Ethiopia,Jimma,Hirmata,10,54,+251980308756
000365,Binyam,Mulugeta,Tadesse,5,6,1997,M,Ethiopia,Adama,Adama,6,144,+251976492120
000366,Henok,Mulugeta,Tadesse,16,9,1999,M,Ethiopia,Dire Dawa,Sabiyan,5,37,+251941491241
000367,Bethel,Abraham,Alemu,26,9,2004,F,Ethiopia,Addis Ababa,Bole,2,130,+251934786085
000368,Bethel,Solomon,Alemu,16,2,1995,F,Ethiopia,Addis Ababa,Bole,6,118,+251939192325
000369,Bethel,Daniel,Negash,22,4,2003,F,Ethiopia,Jimma,Hirmata,9,28,+251977260033
000370,Hana,Kebede,Assefa,26,5,2001,F,Ethiopia,Addis Ababa,Bole,7,281,+251949515281
000371,Binyam,Mulugeta,Haile,28,2,2004,M,Ethiopia,Adama,Adama,9,172,+251977991446
000372,Yonas,Fikru,Assefa,10,6,2002,M,Ethiopia,Addis Ababa,Bole,5,31,+251945288875
000373,Mahi,Mulugeta,Negash,27,3,2002,F,Ethiopia,Addis Ababa,Bole,3,201,+251921897262
000374,Binyam,Getachew,Tamiru,17,6,1998,M,Ethiopia,Debre Markos,Kebele 02,4,117,+251980409995
000375,Nahom,Worku,Kebede,11,2,2000,M,Ethiopia,Debre Markos,Kebele 02,5,209,+251917252126
000376,Michael,Petros,Kebede,16,1,2001,M,Ethiopia,Jimma,Hirmata,9,273,+251955724848
000377,Nahom,Kebede,Girma,25,8,1997,M,Ethiopia,Hawassa,Tabor,5,82,+251921546291
000378,Hana,Fikru,Negash,15,9,1996,F,Ethiopia,Hawassa,Tabor,1,244,+251963194126
000379,Sara,Mulugeta,Mekonnen,24,10,2002,F,Ethiopia,Dire Dawa,Sabiyan,4,244,+251974339943
000380,Abel,Mulugeta,Bekele,11,2,1998,M,Ethiopia,Bahir Dar,Belay Zeleke,1,234,+251990124122
000381,Binyam,Solomon,Negash,18,7,2003,M,Ethiopia,Bishoftu,Kebele 04,2,213,+251985072038
000382,Nahom,Solomon,Assefa,21,8,2000,M,Ethiopia,Bishoftu,Kebele 04,2,230,+251948074264
000383,Kaleb,Worku,Assefa,6,7,1997,M,Ethiopia,Bahir Dar,Belay Zeleke,3,214,+251999300710
000384,Dawit,Daniel,Assefa,15,10,2001,M,Ethiopia,Addis Ababa,Bole,5,282,+251971040520
000385,Dawit,Tesfaye,Mekonnen,21,11,2003,M,Ethiopia,Jimma,Hirmata,5,89,+251926943975
000386,Nahom,Worku,Haile,6,8,2000,M,Ethiopia,Bishoftu,Kebele 04,7,248,+251911340938
000387,Michael,Petros,Bekele,12,6,1997,M,Ethiopia,Mekelle,Ayder,10,237,+251932489828
000388,Saba,Mulugeta,Haile,21,1,1995,F,Ethiopia,Adama,Adama,7,277,+251997195649
000389,Hana,Abraham,Assefa,21,8,1998,F,Ethiopia,Addis Ababa,Bole,10,290,+251960358465
000390,Rahel,Kebede,Tamiru,17,2,1995,F,Ethiopia,Addis Ababa,Bole,9,56,+251982177192
000391,Selam,Solomon,Kebede,28,5,1995,F,Ethiopia,Jimma,Hirmata,1,202,+251988005005
000392,Eden,Mulugeta,Alemu,8,6,1997,F,Ethiopia,Adama,Adama,2,101,+251997338628
000393,Abel,Tesfaye,Tamiru,23,11,1996,M,Ethiopia,Debre Markos,Kebele 02,5,140,+251970869078
000394,Binyam,Getachew,Kebede,19,5,2002,M,Ethiopia,Addis Ababa,Yeka,1,16,+251923259262
000395,Rahel,Abraham,Alemu,11,10,2005,F,Ethiopia,Hawassa,Tabor,2,245,+251948793070
000396,Dawit,Daniel,Girma,12,7,2001,M,Ethiopia,Addis Ababa,Yeka,5,21,+251994335108
000397,Michael,Mulugeta,Kebede,21,2,1998,M,Ethiopia,Dire Dawa,Sabiyan,7,155,+251962011646
000398,Samuel,Mulugeta,Tamiru,13,5,2001,M,Ethiopia,Debre Markos,Kebele 02,2,222,+251941919665
000399,Bethel,Fikru,Haile,10,7,1999,F,Ethiopia,Hawassa,Tabor,6,159,+251994209372
000400,Ruth,Solomon,Girma,15,9,2005,F,Ethiopia,Bishoftu,Kebele 04,1,187,+251949380459
000401,Binyam,Abraham,Kebede,2,5,1996,M,Ethiopia,Bahir Dar,Belay Zeleke,3,16,+251988086337
000402,Bethel,Worku,Girma,22,4,2003,F,Ethiopia,Adama,Adama,3,33,+251962537290
000403,Rahel,Kebede,Bekele,11,4,2002,F,Ethiopia,Bishoftu,Kebele 04,4,178,+251995192229
000404,Rahel,Worku,Tamiru,25,10,2001,F,Ethiopia,Dire Dawa,Sabiyan,8,199,+251931177838
000405,Saba,Fikru,Bekele,23,1,2000,F,Ethiopia,Mekelle,Ayder,2,216,+251930956195
000406,Yonas,Daniel,Negash,16,1,2005,M,Ethiopia,Jimma,Hirmata,7,202,+251968402005
000407,Yonas,Worku,Tamiru,12,11,2004,M,Ethiopia,Mekelle,Ayder,10,152,+251989792129
000408,Selam,Solomon,Assefa,6,6,1996,F,Ethiopia,Adama,Adama,7,63,+251950011284
000409,Dawit,Getachew,Assefa,16,3,1998,M,Ethiopia,Debre Markos,Kebele 02,8,99,+251924389980
000410,Bethel,Abraham,Alemu,14,6,1996,F,Ethiopia,Addis Ababa,Bole,5,112,+251986818946
000411,Samuel,Petros,Mekonnen,17,6,2003,M,Ethiopia,Mekelle,Ayder,2,19,+251986376333
000412,Liya,Kebede,Girma,2,9,2000,F,Ethiopia,Addis Ababa,Yeka,4,4,+251999070729
000413,Binyam,Fikru,Tamiru,8,1,2005,M,Ethiopia,Hawassa,Tabor,9,292,+251990129389
000414,Nahom,Daniel,Bekele,8,11,2002,M,Ethiopia,Debre Markos,Kebele 02,6,60,+251912108140
000415,Samuel,Fikru,Tadesse,13,3,1995,M,Ethiopia,Adama,Adama,9,17,+251946712007
000416,Samuel,Tesfaye,Mekonnen,19,8,1999,M,Ethiopia,Debre Markos,Kebele 02,9,181,+251928793002
000417,Ruth,Mulugeta,Mekonnen,17,3,2003,F,Ethiopia,Bahir Dar,Belay Zeleke,1,91,+251978545832
000418,Michael,Petros,Girma,2,10,2003,M,Ethiopia,Jimma,Hirmata,5,211,+251972849441
000419,Rahel,Abraham,Kebede,16,9,1998,F,Ethiopia,Mekelle,Ayder,8,21,+251921477210
000420,Liya,Fikru,Negash,5,4,2001,F,Ethiopia,Bishoftu,Kebele 04,2,92,+251994066455
000421,Saba,Kebede,Haile,1,1,2003,F,Ethiopia,Bahir Dar,Belay Zeleke,5,149,+251961733804
000422,Michael,Solomon,Kebede,24,10,1995,M,Ethiopia,Dire Dawa,Sabiyan,1,36,+251937647588
000423,Bethel,Worku,Girma,15,8,1995,F,Ethiopia,Bishoftu,Kebele 04,8,115,+251928748321
000424,Binyam,Getachew,Haile,12,1,2001,M,Ethiopia,Bahir Dar,Belay Zeleke,10,158,+251965639663
000425,Yonas,Mulugeta,Bekele,13,4,2002,M,Ethiopia,Bahir Dar,Belay Zeleke,5,240,+251925483937
000426,Dawit,Kebede,Bekele,7,7,2001,M,Ethiopia,Mekelle,Ayder,5,24,+251942243703
000427,Abel,Abraham,Assefa,5,8,2003,M,Ethiopia,Dire Dawa,Sabiyan,5,65,+251924037662
000428,Samuel,Getachew,Mekonnen,27,4,2001,M,Ethiopia,Hawassa,Tabor,1,25,+251990094872
000429,Selam,Fikru,Tadesse,3,10,1997,F,Ethiopia,Bishoftu,Kebele 04,2,292,+251961092110
000430,Bethel,Kebede,Assefa,13,6,2000,F,Ethiopia,Addis Ababa,Yeka,1,71,+251964452617
000431,Henok,Mulugeta,Assefa,15,1,2004,M,Ethiopia,Bahir Dar,Belay Zeleke,6,175,+251961990348
000432,Rahel,Kebede,Kebede,12,4,2001,F,Ethiopia,Jimma,Hirmata,2,244,+251986762246
000433,Yonas,Abraham,Tamiru,16,11,2001,M,Ethiopia,Addis Ababa,Bole,3,291,+251991230507
000434,Eden,Getachew,Tadesse,2,1,2003,F,Ethiopia,Addis Ababa,Bole,6,33,+251927866668
000435,Saba,Kebede,Girma,5,12,2003,F,Ethiopia,Addis Ababa,Yeka,6,282,+251986891429
000436,Daniel,Fikru,Tamiru,16,7,1995,M,Ethiopia,Debre Markos,Kebele 02,2,262,+251964749135
000437,Sara,Mulugeta,Haile,20,5,2002,F,Ethiopia,Dire Dawa,Sabiyan,8,183,+251990539473
000438,Hana,Mulugeta,Negash,7,12,2004,F,Ethiopia,Bahir Dar,Belay Zeleke,5,160,+251959608258
000439,Eden,Getachew,Mekonnen,15,6,1999,F,Ethiopia,Dire Dawa,Sabiyan,5,294,+251963346488
000440,Binyam,Daniel,Haile,4,11,1999,M,Ethiopia,Bishoftu,Kebele 04,10,104,+251910731393
000441,Rahel,Fikru,Tamiru,24,3,2005,F,Ethiopia,Dire Dawa,Sabiyan,10,275,+251935433175
000442,Saba,Petros,Assefa,18,8,1995,F,Ethiopia,Adama,Adama,10,179,+251940626345
000443,Rahel,Fikru,Mekonnen,19,4,2001,F,Ethiopia,Mekelle,Ayder,4,93,+251938183481
000444,Saba,Petros,Haile,15,11,2005,F,Ethiopia,Bishoftu,Kebele 04,10,73,+251932887883
000445,Eden,Worku,Negash,10,5,2001,F,Ethiopia,Addis Ababa,Bole,3,198,+251949720779
000446,Sara,Kebede,Tamiru,15,5,2000,F,Ethiopia,Bahir Dar,Belay Zeleke,2,157,+251922632275
000447,Liya,Kebede,Alemu,6,6,1995,F,Ethiopia,Addis Ababa,Bole,4,255,+251979413442
000448,Ruth,Daniel,Mekonnen,11,7,2000,F,Ethiopia,Mekelle,Ayder,4,219,+251984858635
000449,Hana,Mulugeta,Mekonnen,9,12,1999,F,Ethiopia,Jimma,Hirmata,6,96,+251914560750
000450,Sara,Daniel,Haile,26,11,2003,F,Ethiopia,Dire Dawa,Sabiyan,1,287,+251931628582
000451,Ruth,Worku,Tamiru,24,5,2004,F,Ethiopia,Hawassa,Tabor,6,241,+251948525673
000452,Eden,Getachew,Girma,5,9,1998,F,Ethiopia,Dire Dawa,Sabiyan,2,94,+251931465343
000453,Yonas,Kebede,Tamiru,23,6,1998,M,Ethiopia,Addis Ababa,Yeka,2,48,+251953262290
000454,Eden,Fikru,Kebede,4,5,1997,F,Ethiopia,Debre Markos,Kebele 02,5,273,+251940260803
000455,Liya,Solomon,Mekonnen,18,12,2001,F,Ethiopia,Addis Ababa,Yeka,7,50,+251984224216
000456,Bethel,Mulugeta,Haile,12,7,1995,F,Ethiopia,Hawassa,Tabor,9,192,+251943928225
000457,Nahom,Mulugeta,Tadesse,26,2,2003,M,Ethiopia,Debre Markos,Kebele 02,4,54,+251932768333
000458,Bethel,Daniel,Girma,28,3,2005,F,Ethiopia,Bishoftu,Kebele 04,4,198,+251983376229
000459,Sara,Solomon,Negash,16,1,1998,F,Ethiopia,Dire Dawa,Sabiyan,7,25,+251968385252
000460,Dawit,Daniel,Alemu,22,3,2001,M,Ethiopia,Bishoftu,Kebele 04,7,126,+251981105291
000461,Yonas,Getachew,Negash,15,4,2000,M,Ethiopia,Bishoftu,Kebele 04,5,24,+251935731002
000462,Eden,Abraham,Tadesse,11,8,2002,F,Ethiopia,Adama,Adama,7,129,+251972858945
000463,Ruth,Tesfaye,Tadesse,23,8,1997,F,Ethiopia,Addis Ababa,Bole,7,216,+251991208848
000464,Michael,Solomon,Mekonnen,2,9,2000,M,Ethiopia,Hawassa,Tabor,4,186,+251955657200
000465,Hana,Mulugeta,Tadesse,19,8,2003,F,Ethiopia,Bahir Dar,Belay Zeleke,7,280,+251994705918
000466,Mahi,Worku,Girma,21,7,2001,F,Ethiopia,Debre Markos,Kebele 02,1,52,+251959903484
000467,Samuel,Abraham,Girma,25,6,2004,M,Ethiopia,Bishoftu,Kebele 04,9,249,+251954594534
000468,Michael,Fikru,Girma,11,2,1997,M,Ethiopia,Adama,Adama,10,238,+251926453362
000469,Henok,Abraham,Alemu,7,3,1997,M,Ethiopia,Bahir Dar,Belay Zeleke,3,172,+251919309617
000470,Saba,Solomon,Haile,3,3,2001,F,Ethiopia,Bishoftu,Kebele 04,7,31,+251922970065
000471,Nahom,Fikru,Tamiru,19,8,1996,M,Ethiopia,Jimma,Hirmata,3,90,+251983677649
000472,Binyam,Tesfaye,Haile,16,2,2000,M,Ethiopia,Debre Markos,Kebele 02,4,270,+251963858143
000473,Yonas,Worku,Assefa,25,2,2000,M,Ethiopia,Addis Ababa,Yeka,7,260,+251917168023
000474,Sara,Getachew,Kebede,3,3,1997,F,Ethiopia,Mekelle,Ayder,6,86,+251981604565
000475,Rahel,Abraham,Kebede,14,4,2002,F,Ethiopia,Bishoftu,Kebele 04,1,204,+251917098961
000476,Nahom,Daniel,Bekele,3,11,2000,M,Ethiopia,Addis Ababa,Yeka,1,125,+251981840653
000477,Kaleb,Daniel,Kebede,10,6,1996,M,Ethiopia,Dire Dawa,Sabiyan,3,5,+251935303714
000478,Henok,Fikru,Assefa,3,6,1999,M,Ethiopia,Jimma,Hirmata,6,239,+251974494888
000479,Rahel,Kebede,Girma,18,4,1998,F,Ethiopia,Jimma,Hirmata,1,40,+251917317014
000480,Saba,Solomon,Alemu,18,6,1999,F,Ethiopia,Adama,Adama,3,70,+251932373724
000481,Hana,Worku,Alemu,23,8,2005,F,Ethiopia,Bishoftu,Kebele 04,2,256,+251946159341
000482,Daniel,Daniel,Haile,23,3,2005,M,Ethiopia,Bahir Dar,Belay Zeleke,9,168,+251932872162
000483,Eden,Kebede,Assefa,20,6,2000,F,Ethiopia,Addis Ababa,Bole,2,273,+251959418367
000484,Samuel,Solomon,Kebede,27,7,2003,M,Ethiopia,Jimma,Hirmata,2,106,+251990420399
000485,Ruth,Mulugeta,Girma,21,11,1998,F,Ethiopia,Dire Dawa,Sabiyan,9,254,+251968853068
000486,Samuel,Kebede,Assefa,5,12,2004,M,Ethiopia,Adama,Adama,10,154,+251936164628
000487,Henok,Mulugeta,Negash,9,5,1995,M,Ethiopia,Hawassa,Tabor,7,267,+251943847487
000488,Samuel,Mulugeta,Assefa,22,4,2003,M,Ethiopia,Jimma,Hirmata,6,201,+251959637775
000489,Ruth,Fikru,Alemu,22,7,2001,F,Ethiopia,Bahir Dar,Belay Zeleke,1,2,+251946476203
000490,Mahi,Daniel,Tadesse,24,5,1995,F,Ethiopia,Debre Markos,Kebele 02,4,247,+251965363233
000491,Saba,Solomon,Negash,11,11,1999,F,Ethiopia,Hawassa,Tabor,1,116,+251914486710
000492,Ruth,Daniel,Tadesse,19,2,2004,F,Ethiopia,Hawassa,Tabor,10,186,+251917594814
000493,Saba,Petros,Tadesse,2,9,1998,F,Ethiopia,Adama,Adama,6,29,+251911754816
000494,Michael,Getachew,Girma,4,1,1998,M,Ethiopia,Addis Ababa,Bole,1,175,+251984441416
000495,Abel,Daniel,Alemu,26,7,2000,M,Ethiopia,Adama,Adama,2,273,+251993796472
000496,Sara,Getachew,Haile,23,11,1999,F,Ethiopia,Addis Ababa,Bole,4,200,+251949877570
000497,Kaleb,Petros,Negash,14,6,2005,M,Ethiopia,Bishoftu,Kebele 04,7,299,+251925442476
000498,Hana,Petros,Assefa,13,3,1997,F,Ethiopia,Addis Ababa,Yeka,10,35,+251987155593
000499,Rahel,Worku,Alemu,13,4,1998,F,Ethiopia,Bahir Dar,Belay Zeleke,2,227,+251932135030
000500,Saba,Petros,Girma,16,3,1999,F,Ethiopia,Jimma,Hirmata,1,224,+251969655932
000501,Kaleb,Petros,Mekonnen,28,6,2004,M,Ethiopia,Debre Markos,Kebele 02,1,259,+251980785695
000502,Abel,Getachew,Negash,7,7,2004,M,Ethiopia,Mekelle,Ayder,7,75,+251934136280
000503,Rahel,Abraham,Girma,17,10,1998,F,Ethiopia,Debre Markos,Kebele 02,5,4,+251941571824
000504,Saba,Worku,Girma,14,8,2003,F,Ethiopia,Jimma,Hirmata,4,35,+251948812789
000505,Yonas,Daniel,Bekele,27,11,1997,M,Ethiopia,Bahir Dar,Belay Zeleke,10,42,+251993432296
000506,Henok,Getachew,Assefa,1,7,1997,M,Ethiopia,Adama,Adama,1,123,+251929591976
000507,Mahi,Mulugeta,Tamiru,12,8,1995,F,Ethiopia,Mekelle,Ayder,10,76,+251950937306
000508,Michael,Solomon,Bekele,7,2,2003,M,Ethiopia,Bahir Dar,Belay Zeleke,10,111,+251975754860
000509,Ruth,Solomon,Girma,6,6,1998,F,Ethiopia,Debre Markos,Kebele 02,3,293,+251983657811
000510,Binyam,Getachew,Assefa,10,3,2004,M,Ethiopia,Dire Dawa,Sabiyan,3,155,+251924383789
000511,Yonas,Tesfaye,Assefa,27,9,1996,M,Ethiopia,Bishoftu,Kebele 04,4,99,+251982075749
000512,Michael,Getachew,Alemu,26,9,2002,M,Ethiopia,Jimma,Hirmata,5,128,+251945962659
000513,Bethel,Getachew,Mekonnen,16,12,2002,F,Ethiopia,Dire Dawa,Sabiyan,7,75,+251967391408
000514,Kaleb,Mulugeta,Mekonnen,8,4,2002,M,Ethiopia,Adama,Adama,1,50,+251987628203
000515,Henok,Petros,Bekele,8,10,1996,M,Ethiopia,Addis Ababa,Yeka,1,11,+251936749189
000516,Yonas,Solomon,Tadesse,7,6,1996,M,Ethiopia,Jimma,Hirmata,7,162,+251921439907
000517,Nahom,Fikru,Negash,19,12,2000,M,Ethiopia,Mekelle,Ayder,6,7,+251979223179
000518,Rahel,Daniel,Tadesse,2,7,1995,F,Ethiopia,Debre Markos,Kebele 02,4,107,+251969966943
000519,Bethel,Kebede,Mekonnen,26,9,2004,F,Ethiopia,Jimma,Hirmata,1,27,+251958165188
000520,Liya,Mulugeta,Alemu,14,2,1999,F,Ethiopia,Debre Markos,Kebele 02,9,277,+251986198942
000521,Rahel,Petros,Assefa,3,12,2005,F,Ethiopia,Addis Ababa,Yeka,7,183,+251971694271
000522,Dawit,Petros,Alemu,8,11,1995,M,Ethiopia,Bishoftu,Kebele 04,8,128,+251938029828
000523,Mahi,Tesfaye,Negash,16,10,1995,F,Ethiopia,Hawassa,Tabor,5,214,+251994594980
000524,Dawit,Solomon,Alemu,28,5,1998,M,Ethiopia,Addis Ababa,Yeka,9,262,+251999821686
000525,Rahel,Fikru,Alemu,6,1,1998,F,Ethiopia,Bishoftu,Kebele 04,5,152,+251930855250
000526,Samuel,Fikru,Tamiru,14,5,2005,M,Ethiopia,Addis Ababa,Yeka,10,198,+251928408695
000527,Binyam,Petros,Tamiru,1,12,2003,M,Ethiopia,Bishoftu,Kebele 04,10,258,+251978241641
000528,Kaleb,Mulugeta,Tamiru,11,3,1997,M,Ethiopia,Dire Dawa,Sabiyan,5,115,+251972114755
000529,Nahom,Fikru,Bekele,25,4,2002,M,Ethiopia,Debre Markos,Kebele 02,7,63,+251989187841
000530,Dawit,Mulugeta,Mekonnen,16,2,2005,M,Ethiopia,Dire Dawa,Sabiyan,3,31,+251996404514
000531,Kaleb,Kebede,Haile,10,7,1997,M,Ethiopia,Adama,Adama,10,4,+251965163244
000532,Eden,Tesfaye,Kebede,25,3,2003,F,Ethiopia,Bishoftu,Kebele 04,7,160,+251978643509
000533,Rahel,Mulugeta,Kebede,3,2,2001,F,Ethiopia,Bishoftu,Kebele 04,10,249,+251950277388
000534,Nahom,Worku,Haile,24,5,1998,M,Ethiopia,Hawassa,Tabor,8,209,+251931932423
000535,Abel,Daniel,Haile,2,7,2002,M,Ethiopia,Addis Ababa,Bole,10,285,+251953285532
000536,Sara,Solomon,Tadesse,12,4,1996,F,Ethiopia,Adama,Adama,5,244,+251936804769
000537,Samuel,Daniel,Assefa,15,11,1995,M,Ethiopia,Debre Markos,Kebele 02,7,88,+251945551173
000538,Sara,Tesfaye,Kebede,27,4,2002,F,Ethiopia,Bishoftu,Kebele 04,8,52,+251949927941
000539,Liya,Getachew,Tamiru,24,9,2000,F,Ethiopia,Bahir Dar,Belay Zeleke,10,91,+251933575538
000540,Liya,Fikru,Negash,3,12,2005,F,Ethiopia,Bahir Dar,Belay Zeleke,4,232,+251917065085
000541,Yonas,Solomon,Tamiru,26,5,2001,M,Ethiopia,Debre Markos,Kebele 02,5,125,+251936317352
000542,Samuel,Petros,Bekele,12,4,1995,M,Ethiopia,Hawassa,Tabor,2,188,+251986651261
000543,Michael,Kebede,Negash,21,1,2001,M,Ethiopia,Adama,Adama,4,43,+251952347640
000544,Ruth,Fikru,Haile,12,12,2003,F,Ethiopia,Addis Ababa,Bole,6,35,+251936538586
000545,Binyam,Tesfaye,Bekele,24,6,2001,M,Ethiopia,Addis Ababa,Yeka,3,195,+251925337993
000546,Dawit,Abraham,Bekele,22,11,2001,M,Ethiopia,Debre Markos,Kebele 02,9,263,+251959598050
000547,Ruth,Solomon,Alemu,10,4,1997,F,Ethiopia,Bahir Dar,Belay Zeleke,7,119,+251910638715
000548,Binyam,Fikru,Assefa,13,12,2005,M,Ethiopia,Bishoftu,Kebele 04,2,82,+251977066562
000549,Ruth,Daniel,Assefa,4,7,1999,F,Ethiopia,Bahir Dar,Belay Zeleke,7,213,+251998122074
000550,Ruth,Solomon,Girma,16,11,2004,F,Ethiopia,Dire Dawa,Sabiyan,10,10,+251918652012
000551,Daniel,Getachew,Assefa,18,12,1998,M,Ethiopia,Addis Ababa,Yeka,9,79,+251978735212
000552,Samuel,Petros,Haile,3,6,2000,M,Ethiopia,Hawassa,Tabor,9,145,+251961917392
000553,Rahel,Kebede,Tadesse,11,12,1998,F,Ethiopia,Hawassa,Tabor,2,274,+251924792269
000554,Sara,Petros,Negash,19,5,2004,F,Ethiopia,Addis Ababa,Yeka,1,126,+251952906981
000555,Rahel,Getachew,Girma,17,3,2001,F,Ethiopia,Adama,Adama,1,251,+251955924760
000556,Samuel,Getachew,Tadesse,10,10,2004,M,Ethiopia,Jimma,Hirmata,1,19,+251980047764
000557,Mahi,Fikru,Bekele,25,7,2003,F,Ethiopia,Mekelle,Ayder,10,19,+251965499956
000558,Abel,Mulugeta,Kebede,10,7,2005,M,Ethiopia,Mekelle,Ayder,1,288,+251977666875
000559,Bethel,Getachew,Negash,14,1,2005,F,Ethiopia,Bishoftu,Kebele 04,3,260,+251961913605
000560,Daniel,Worku,Kebede,5,10,1999,M,Ethiopia,Debre Markos,Kebele 02,4,253,+251935832802
000561,Daniel,Getachew,Assefa,28,4,2003,M,Ethiopia,Adama,Adama,10,50,+251986272951
000562,Kaleb,Petros,Haile,16,3,1997,M,Ethiopia,Addis Ababa,Yeka,4,6,+251998816377
000563,Henok,Daniel,Negash,15,8,2001,M,Ethiopia,Hawassa,Tabor,6,252,+251988894674
000564,Saba,Worku,Girma,26,1,2002,F,Ethiopia,Bahir Dar,Belay Zeleke,8,77,+251955393923
000565,Hana,Abraham,Tadesse,9,6,2003,F,Ethiopia,Dire Dawa,Sabiyan,9,1,+251970688716
000566,Binyam,Mulugeta,Bekele,21,10,2002,M,Ethiopia,Addis Ababa,Bole,5,116,+251983089842
000567,Selam,Worku,Mekonnen,2,5,1998,F,Ethiopia,Debre Markos,Kebele 02,6,192,+251978115274
000568,Nahom,Getachew,Girma,16,6,1995,M,Ethiopia,Jimma,Hirmata,3,248,+251957457923
000569,Daniel,Getachew,Haile,23,11,2004,M,Ethiopia,Adama,Adama,4,43,+251970562840
000570,Eden,Daniel,Assefa,8,8,2004,F,Ethiopia,Jimma,Hirmata,3,122,+251949220084
000571,Sara,Kebede,Alemu,4,5,1997,F,Ethiopia,Adama,Adama,2,289,+251955303290
000572,Saba,Abraham,Kebede,7,12,1995,F,Ethiopia,Bahir Dar,Belay Zeleke,5,89,+251946409594
000573,Henok,Petros,Mekonnen,23,8,2000,M,Ethiopia,Dire Dawa,Sabiyan,5,162,+251966155857
000574,Yonas,Worku,Mekonnen,13,6,1998,M,Ethiopia,Adama,Adama,1,283,+251975091463
000575,Dawit,Daniel,Tamiru,6,8,2004,M,Ethiopia,Bishoftu,Kebele 04,4,187,+251953697416
000576,Samuel,Kebede,Girma,16,9,1995,M,Ethiopia,Debre Markos,Kebele 02,3,162,+251945241220
000577,Dawit,Abraham,Haile,9,5,2002,M,Ethiopia,Bishoftu,Kebele 04,4,74,+251929046806
000578,Mahi,Petros,Haile,28,7,1997,F,Ethiopia,Dire Dawa,Sabiyan,10,165,+251990834787
000579,Binyam,Getachew,Kebede,10,10,2003,M,Ethiopia,Mekelle,Ayder,2,28,+251947793085
000580,Hana,Kebede,Tadesse,21,5,2005,F,Ethiopia,Bishoftu,Kebele 04,9,280,+251959375400
000581,Binyam,Solomon,Alemu,7,12,1997,M,Ethiopia,Jimma,Hirmata,3,108,+251994650557
000582,Nahom,Mulugeta,Mekonnen,25,3,2004,M,Ethiopia,Adama,Adama,9,288,+251910331184
000583,Selam,Fikru,Negash,21,11,1997,F,Ethiopia,Hawassa,Tabor,8,23,+251970134112
000584,Sara,Petros,Bekele,19,6,2000,F,Ethiopia,Dire Dawa,Sabiyan,8,74,+251942701139
000585,Nahom,Tesfaye,Bekele,18,2,2000,M,Ethiopia,Hawassa,Tabor,1,67,+251947589694
000586,Rahel,Getachew,Kebede,24,8,1999,F,Ethiopia,Dire Dawa,Sabiyan,7,136,+251936234658
000587,Mahi,Daniel,Mekonnen,27,9,1997,F,Ethiopia,Bahir Dar,Belay Zeleke,10,156,+251960972996
000588,Abel,Daniel,Alemu,12,3,2005,M,Ethiopia,Mekelle,Ayder,10,127,+251966330836
000589,Hana,Petros,Tamiru,1,7,1997,F,Ethiopia,Mekelle,Ayder,2,61,+251911939403
000590,Bethel,Petros,Tadesse,10,2,1996,F,Ethiopia,Bishoftu,Kebele 04,10,282,+251938317485
000591,Binyam,Petros,Alemu,20,9,2004,M,Ethiopia,Addis Ababa,Bole,6,129,+251973347916
000592,Nahom,Solomon,Tamiru,27,10,1998,M,Ethiopia,Mekelle,Ayder,7,210,+251965750624
000593,Samuel,Abraham,Alemu,11,11,2001,M,Ethiopia,Mekelle,Ayder,8,128,+251971500206
000594,Daniel,Fikru,Assefa,2,11,1996,M,Ethiopia,Mekelle,Ayder,7,48,+251975291029
000595,Selam,Mulugeta,Tadesse,4,5,1998,F,Ethiopia,Hawassa,Tabor,2,110,+251997492708
000596,Hana,Solomon,Tamiru,5,3,1997,F,Ethiopia,Adama,Adama,6,49,+251937474486
000597,Nahom,Kebede,Negash,26,3,2002,M,Ethiopia,Hawassa,Tabor,8,218,+251971979406
000598,Rahel,Kebede,Girma,14,10,1996,F,Ethiopia,Jimma,Hirmata,4,157,+251962366863
000599,Yonas,Tesfaye,Girma,9,1,2000,M,Ethiopia,Addis Ababa,Yeka,4,182,+251959743625
000600,Sara,Getachew,Mekonnen,17,8,2000,F,Ethiopia,Dire Dawa,Sabiyan,7,39,+251960629624
000601,Mahi,Daniel,Negash,15,4,2003,F,Ethiopia,Jimma,Hirmata,1,202,+251978380734
000602,Mahi,Tesfaye,Negash,3,10,2000,F,Ethiopia,Jimma,Hirmata,10,145,+251921953160
000603,Ruth,Mulugeta,Haile,28,5,2004,F,Ethiopia,Addis Ababa,Yeka,1,288,+251963708170
000604,Ruth,Fikru,Tadesse,9,4,1996,F,Ethiopia,Jimma,Hirmata,4,181,+251937404912
000605,Eden,Petros,Girma,2,11,2005,F,Ethiopia,Addis Ababa,Bole,9,63,+251934499622
000606,Bethel,Tesfaye,Tamiru,15,2,2002,F,Ethiopia,Bahir Dar,Belay Zeleke,9,234,+251956908539
000607,Michael,Fikru,Girma,24,12,1998,M,Ethiopia,Adama,Adama,1,123,+251965816746
000608,Saba,Kebede,Negash,10,11,2004,F,Ethiopia,Addis Ababa,Bole,5,219,+251912163950
000609,Dawit,Abraham,Bekele,27,12,1997,M,Ethiopia,Bishoftu,Kebele 04,6,74,+251968085119
000610,Liya,Fikru,Tamiru,2,1,2004,F,Ethiopia,Mekelle,Ayder,2,111,+251944876432
000611,Henok,Petros,Kebede,15,4,2001,M,Ethiopia,Hawassa,Tabor,1,1,+251916564159
000612,Mahi,Abraham,Negash,4,6,2002,F,Ethiopia,Hawassa,Tabor,5,264,+251940228513
000613,Nahom,Tesfaye,Negash,17,8,2000,M,Ethiopia,Jimma,Hirmata,1,253,+251943492822
000614,Binyam,Mulugeta,Mekonnen,15,8,1997,M,Ethiopia,Jimma,Hirmata,5,211,+251937606718
000615,Michael,Daniel,Tadesse,9,10,2003,M,Ethiopia,Hawassa,Tabor,5,55,+251933894698
000616,Selam,Kebede,Assefa,17,6,2002,F,Ethiopia,Addis Ababa,Bole,7,34,+251960277339
000617,Hana,Getachew,Haile,18,3,2005,F,Ethiopia,Adama,Adama,2,37,+251987333833
000618,Kaleb,Tesfaye,Alemu,10,4,2001,M,Ethiopia,Bahir Dar,Belay Zeleke,1,227,+251940741484
000619,Rahel,Mulugeta,Kebede,5,2,1999,F,Ethiopia,Bahir Dar,Belay Zeleke,9,144,+251985384829
000620,Dawit,Solomon,Girma,17,12,1997,M,Ethiopia,Bahir Dar,Belay Zeleke,7,246,+251942294005
000621,Hana,Worku,Negash,6,3,2000,F,Ethiopia,Mekelle,Ayder,1,141,+251987389966
000622,Kaleb,Fikru,Mekonnen,21,3,1996,M,Ethiopia,Bahir Dar,Belay Zeleke,6,97,+251978244274
000623,Rahel,Fikru,Negash,8,9,2002,F,Ethiopia,Bahir Dar,Belay Zeleke,6,293,+251939135866
000624,Nahom,Mulugeta,Alemu,5,12,2002,M,Ethiopia,Bahir Dar,Belay Zeleke,9,224,+251936719345
000625,Hana,Abraham,Tadesse,20,7,1998,F,Ethiopia,Hawassa,Tabor,6,45,+251955111703
000626,Bethel,Solomon,Alemu,11,10,1995,F,Ethiopia,Hawassa,Tabor,2,46,+251941867575
000627,Binyam,Getachew,Kebede,16,7,1995,M,Ethiopia,Bishoftu,Kebele 04,2,189,+251926055949
000628,Henok,Mulugeta,Bekele,28,12,1997,M,Ethiopia,Addis Ababa,Bole,2,107,+251956062312
000629,Rahel,Mulugeta,Girma,11,4,1995,F,Ethiopia,Dire Dawa,Sabiyan,7,27,+251987440184
000630,Michael,Mulugeta,Kebede,6,5,2004,M,Ethiopia,Jimma,Hirmata,7,114,+251945900924
000631,Yonas,Kebede,Tamiru,18,6,1998,M,Ethiopia,Bahir Dar,Belay Zeleke,2,272,+251965830087
000632,Mahi,Daniel,Negash,24,11,2005,F,Ethiopia,Bahir Dar,Belay Zeleke,1,159,+251950941672
000633,Bethel,Kebede,Bekele,16,5,2003,F,Ethiopia,Dire Dawa,Sabiyan,4,156,+251984839646
000634,Yonas,Mulugeta,Negash,17,9,1999,M,Ethiopia,Adama,Adama,6,62,+251951281393
000635,Daniel,Abraham,Mekonnen,3,5,2004,M,Ethiopia,Addis Ababa,Yeka,7,267,+251981673373
000636,Binyam,Fikru,Bekele,23,12,1997,M,Ethiopia,Addis Ababa,Bole,9,190,+251931732456
000637,Kaleb,Getachew,Mekonnen,18,11,1997,M,Ethiopia,Addis Ababa,Bole,8,118,+251977123980
000638,Nahom,Getachew,Tamiru,13,1,1995,M,Ethiopia,Debre Markos,Kebele 02,8,101,+251935194114
000639,Henok,Solomon,Tamiru,26,12,2001,M,Ethiopia,Adama,Adama,5,296,+251988105665
000640,Yonas,Solomon,Haile,9,3,1999,M,Ethiopia,Addis Ababa,Yeka,4,161,+251930696842
000641,Samuel,Kebede,Kebede,12,3,1998,M,Ethiopia,Addis Ababa,Yeka,1,91,+251924625180
000642,Nahom,Petros,Tadesse,28,1,1997,M,Ethiopia,Dire Dawa,Sabiyan,1,276,+251914755941
000643,Rahel,Kebede,Assefa,27,12,2003,F,Ethiopia,Addis Ababa,Yeka,7,239,+251939340094
000644,Henok,Fikru,Mekonnen,7,11,2005,M,Ethiopia,Debre Markos,Kebele 02,5,279,+251979288128
000645,Ruth,Getachew,Alemu,4,3,1998,F,Ethiopia,Addis Ababa,Bole,1,22,+251928856214
000646,Saba,Mulugeta,Mekonnen,7,5,1997,F,Ethiopia,Bishoftu,Kebele 04,6,213,+251928490116
000647,Binyam,Abraham,Assefa,4,10,2003,M,Ethiopia,Bahir Dar,Belay Zeleke,3,50,+251928218116
000648,Eden,Tesfaye,Bekele,7,3,1996,F,Ethiopia,Jimma,Hirmata,1,65,+251918999725
000649,Yonas,Getachew,Negash,24,5,2003,M,Ethiopia,Bahir Dar,Belay Zeleke,2,146,+251978651570
000650,Saba,Daniel,Mekonnen,1,8,1997,F,Ethiopia,Addis Ababa,Bole,1,98,+251940199713
000651,Mahi,Abraham,Girma,28,11,2000,F,Ethiopia,Adama,Adama,5,233,+251917991433
000652,Daniel,Mulugeta,Girma,27,9,2001,M,Ethiopia,Hawassa,Tabor,4,222,+251942334468
000653,Liya,Daniel,Tamiru,20,10,2003,F,Ethiopia,Bahir Dar,Belay Zeleke,9,43,+251946418576
000654,Daniel,Fikru,Girma,20,12,1997,M,Ethiopia,Bahir Dar,Belay Zeleke,5,27,+251961418152
000655,Henok,Kebede,Haile,20,12,2002,M,Ethiopia,Jimma,Hirmata,9,110,+251977535206
000656,Ruth,Daniel,Assefa,16,6,2000,F,Ethiopia,Bahir Dar,Belay Zeleke,4,156,+251914864522
000657,Hana,Tesfaye,Kebede,23,1,1996,F,Ethiopia,Debre Markos,Kebele 02,8,161,+251952904189
000658,Saba,Mulugeta,Alemu,7,8,2000,F,Ethiopia,Adama,Adama,9,99,+251982450783
000659,Ruth,Tesfaye,Bekele,18,8,2000,F,Ethiopia,Bishoftu,Kebele 04,2,210,+251927441914
000660,Bethel,Mulugeta,Negash,14,3,2005,F,Ethiopia,Hawassa,Tabor,3,197,+251921289467
000661,Mahi,Mulugeta,Assefa,5,6,2005,F,Ethiopia,Mekelle,Ayder,6,9,+251994085686
000662,Selam,Petros,Tamiru,19,2,2002,F,Ethiopia,Bahir Dar,Belay Zeleke,1,134,+251974728799
000663,Yonas,Abraham,Negash,23,6,2002,M,Ethiopia,Addis Ababa,Bole,8,35,+251955287211
000664,Yonas,Daniel,Negash,27,2,2005,M,Ethiopia,Addis Ababa,Bole,5,43,+251972490702
000665,Eden,Fikru,Haile,16,10,1998,F,Ethiopia,Debre Markos,Kebele 02,3,3,+251959707998
000666,Daniel,Kebede,Alemu,8,12,1998,M,Ethiopia,Adama,Adama,9,51,+251910631492
000667,Michael,Petros,Kebede,15,3,1995,M,Ethiopia,Mekelle,Ayder,4,52,+251919745535
000668,Mahi,Worku,Haile,7,11,2004,F,Ethiopia,Bishoftu,Kebele 04,6,91,+251975482544
000669,Henok,Mulugeta,Tamiru,8,3,1999,M,Ethiopia,Jimma,Hirmata,2,253,+251927109699
000670,Rahel,Daniel,Tadesse,13,4,1995,F,Ethiopia,Addis Ababa,Yeka,10,84,+251936155268
000671,Sara,Tesfaye,Assefa,13,11,1996,F,Ethiopia,Addis Ababa,Bole,4,292,+251975041828
000672,Mahi,Getachew,Tadesse,13,5,2001,F,Ethiopia,Addis Ababa,Bole,5,76,+251932267952
000673,Sara,Abraham,Tadesse,21,11,2002,F,Ethiopia,Addis Ababa,Bole,6,187,+251965396000
000674,Henok,Mulugeta,Haile,17,1,2003,M,Ethiopia,Bishoftu,Kebele 04,1,103,+251965057969
000675,Daniel,Solomon,Negash,27,6,1995,M,Ethiopia,Addis Ababa,Bole,10,118,+251940179569
000676,Rahel,Solomon,Girma,9,7,1999,F,Ethiopia,Addis Ababa,Yeka,1,88,+251984670021
000677,Selam,Getachew,Tadesse,3,1,2003,F,Ethiopia,Dire Dawa,Sabiyan,9,128,+251979473517
000678,Nahom,Tesfaye,Negash,13,3,1998,M,Ethiopia,Debre Markos,Kebele 02,6,80,+251993236011
000679,Daniel,Petros,Mekonnen,21,10,1999,M,Ethiopia,Dire Dawa,Sabiyan,5,168,+251974585935
000680,Liya,Worku,Haile,17,10,1995,F,Ethiopia,Debre Markos,Kebele 02,9,175,+251950500799
000681,Daniel,Petros,Assefa,27,6,1997,M,Ethiopia,Jimma,Hirmata,4,50,+251984326181
000682,Liya,Worku,Bekele,7,4,2004,F,Ethiopia,Adama,Adama,10,221,+251933223577
000683,Mahi,Worku,Assefa,25,5,1998,F,Ethiopia,Addis Ababa,Bole,4,88,+251955124196
000684,Rahel,Daniel,Tamiru,7,10,2002,F,Ethiopia,Mekelle,Ayder,3,67,+251988369521
000685,Selam,Daniel,Bekele,9,8,1995,F,Ethiopia,Debre Markos,Kebele 02,5,64,+251913949876
000686,Bethel,Worku,Negash,19,3,2001,F,Ethiopia,Debre Markos,Kebele 02,10,79,+251984795056
000687,Sara,Solomon,Negash,10,9,2004,F,Ethiopia,Addis Ababa,Yeka,9,77,+251943808885
000688,Henok,Tesfaye,Assefa,21,7,1997,M,Ethiopia,Debre Markos,Kebele 02,6,115,+251936193100
000689,Liya,Abraham,Bekele,14,11,2002,F,Ethiopia,Mekelle,Ayder,9,292,+251911330045
000690,Nahom,Solomon,Assefa,13,7,1997,M,Ethiopia,Bishoftu,Kebele 04,4,43,+251939721904
000691,Eden,Getachew,Alemu,24,9,1997,F,Ethiopia,Bishoftu,Kebele 04,6,248,+251957473700
000692,Henok,Fikru,Assefa,26,8,1995,M,Ethiopia,Hawassa,Tabor,10,47,+251922471775
000693,Binyam,Solomon,Negash,10,5,1999,M,Ethiopia,Bahir Dar,Belay Zeleke,6,71,+251996603786
000694,Saba,Petros,Mekonnen,8,7,1995,F,Ethiopia,Debre Markos,Kebele 02,8,178,+251920201499
000695,Mahi,Kebede,Kebede,27,5,2003,F,Ethiopia,Jimma,Hirmata,2,144,+251933990343
000696,Nahom,Mulugeta,Negash,16,5,1995,M,Ethiopia,Addis Ababa,Bole,10,261,+251952463262
000697,Nahom,Abraham,Alemu,3,7,2002,M,Ethiopia,Bishoftu,Kebele 04,4,298,+251955601320
000698,Dawit,Fikru,Girma,8,1,2002,M,Ethiopia,Addis Ababa,Bole,8,226,+251950625946
000699,Nahom,Daniel,Negash,5,8,2005,M,Ethiopia,Debre Markos,Kebele 02,4,153,+251967962004
000700,Michael,Daniel,Bekele,23,5,1998,M,Ethiopia,Jimma,Hirmata,4,280,+251918841753
000701,Liya,Abraham,Kebede,8,8,1996,F,Ethiopia,Bahir Dar,Belay Zeleke,7,21,+251976510517
000702,Liya,Abraham,Kebede,9,7,1996,F,Ethiopia,Adama,Adama,4,238,+251989920322
000703,Ruth,Getachew,Mekonnen,20,3,1997,F,Ethiopia,Debre Markos,Kebele 02,6,102,+251961898893
000704,Hana,Worku,Alemu,18,8,2002,F,Ethiopia,Bahir Dar,Belay Zeleke,7,110,+251990401280
000705,Samuel,Worku,Kebede,9,8,1995,M,Ethiopia,Addis Ababa,Yeka,9,197,+251935924911
000706,Abel,Worku,Tamiru,17,6,1999,M,Ethiopia,Bishoftu,Kebele 04,10,268,+251964912626
000707,Selam,Fikru,Bekele,27,8,2003,F,Ethiopia,Hawassa,Tabor,3,175,+251934000402
000708,Mahi,Worku,Tadesse,15,8,2001,F,Ethiopia,Hawassa,Tabor,2,189,+251962735703
000709,Nahom,Petros,Bekele,6,2,1997,M,Ethiopia,Adama,Adama,7,7,+251991606738
000710,Michael,Getachew,Kebede,28,11,1998,M,Ethiopia,Jimma,Hirmata,9,300,+251923056698
000711,Henok,Kebede,Kebede,2,6,1998,M,Ethiopia,Mekelle,Ayder,4,124,+251959500971
000712,Daniel,Getachew,Mekonnen,19,6,2001,M,Ethiopia,Addis Ababa,Bole,5,177,+251984539192
000713,Liya,Fikru,Assefa,18,5,1995,F,Ethiopia,Addis Ababa,Bole,5,65,+251956263855
000714,Henok,Fikru,Assefa,17,1,2004,M,Ethiopia,Dire Dawa,Sabiyan,5,178,+251992421586
000715,Eden,Daniel,Mekonnen,11,9,2003,F,Ethiopia,Bishoftu,Kebele 04,1,229,+251916054894
000716,Bethel,Getachew,Tadesse,23,10,2003,F,Ethiopia,Debre Markos,Kebele 02,2,228,+251932261033
000717,Nahom,Getachew,Haile,14,3,1997,M,Ethiopia,Bishoftu,Kebele 04,6,132,+251915962791
000718,Michael,Petros,Tadesse,7,4,1997,M,Ethiopia,Jimma,Hirmata,1,192,+251970815390
000719,Abel,Daniel,Tadesse,16,9,1998,M,Ethiopia,Hawassa,Tabor,8,155,+251984312575
000720,Daniel,Abraham,Haile,4,2,1996,M,Ethiopia,Addis Ababa,Bole,6,31,+251952433353
000721,Bethel,Daniel,Negash,21,3,1999,F,Ethiopia,Addis Ababa,Bole,10,252,+251956304387
000722,Samuel,Abraham,Negash,6,8,2002,M,Ethiopia,Mekelle,Ayder,1,242,+251944050374
000723,Yonas,Abraham,Mekonnen,16,12,2001,M,Ethiopia,Adama,Adama,5,91,+251968907352
000724,Rahel,Worku,Tamiru,1,3,1996,F,Ethiopia,Debre Markos,Kebele 02,3,79,+251912751721
000725,Nahom,Mulugeta,Girma,21,10,1999,M,Ethiopia,Addis Ababa,Yeka,4,245,+251997558667
000726,Nahom,Tesfaye,Tamiru,2,3,2003,M,Ethiopia,Bishoftu,Kebele 04,10,34,+251969995505
000727,Michael,Petros,Haile,9,5,2000,M,Ethiopia,Jimma,Hirmata,10,131,+251990921150
000728,Henok,Kebede,Assefa,27,11,1996,M,Ethiopia,Dire Dawa,Sabiyan,9,245,+251930325100
000729,Binyam,Solomon,Alemu,24,5,1998,M,Ethiopia,Adama,Adama,2,124,+251913820857
000730,Hana,Abraham,Negash,16,9,1996,F,Ethiopia,Addis Ababa,Bole,8,114,+251951189716
000731,Samuel,Tesfaye,Mekonnen,25,3,1999,M,Ethiopia,Dire Dawa,Sabiyan,9,125,+251962354248
000732,Henok,Worku,Mekonnen,21,10,1995,M,Ethiopia,Debre Markos,Kebele 02,10,147,+251992549485
000733,Saba,Solomon,Girma,21,3,1996,F,Ethiopia,Bahir Dar,Belay Zeleke,9,85,+251948555274
000734,Mahi,Petros,Tadesse,23,2,2000,F,Ethiopia,Adama,Adama,2,162,+251933153648
000735,Bethel,Petros,Mekonnen,10,9,1998,F,Ethiopia,Addis Ababa,Yeka,10,277,+251911663618
000736,Hana,Worku,Tadesse,25,9,2001,F,Ethiopia,Bahir Dar,Belay Zeleke,3,132,+251975197295
000737,Liya,Worku,Haile,5,2,1995,F,Ethiopia,Dire Dawa,Sabiyan,2,212,+251976399723
000738,Hana,Petros,Alemu,18,7,2004,F,Ethiopia,Bishoftu,Kebele 04,10,230,+251990046465
000739,Abel,Abraham,Girma,8,5,1995,M,Ethiopia,Mekelle,Ayder,1,83,+251986033354
000740,Selam,Fikru,Alemu,8,5,2000,F,Ethiopia,Addis Ababa,Bole,4,219,+251915334872
000741,Ruth,Worku,Kebede,3,6,2005,F,Ethiopia,Hawassa,Tabor,5,180,+251915504817
000742,Yonas,Abraham,Haile,11,10,1999,M,Ethiopia,Hawassa,Tabor,4,277,+251961901103
000743,Daniel,Worku,Negash,19,12,1998,M,Ethiopia,Addis Ababa,Yeka,1,27,+251965545951
000744,Hana,Fikru,Haile,26,6,1997,F,Ethiopia,Addis Ababa,Yeka,5,24,+251990123378
000745,Saba,Worku,Alemu,6,10,1998,F,Ethiopia,Bahir Dar,Belay Zeleke,4,287,+251937445401
000746,Daniel,Fikru,Assefa,27,5,1997,M,Ethiopia,Mekelle,Ayder,7,255,+251939816900
000747,Dawit,Kebede,Assefa,24,1,2001,M,Ethiopia,Addis Ababa,Yeka,7,206,+251971338381
000748,Nahom,Petros,Negash,6,3,1997,M,Ethiopia,Mekelle,Ayder,3,284,+251996084190
000749,Daniel,Tesfaye,Bekele,1,11,1997,M,Ethiopia,Mekelle,Ayder,10,173,+251931239188
000750,Samuel,Solomon,Negash,23,5,2004,M,Ethiopia,Bishoftu,Kebele 04,7,244,+251932108878
000751,Selam,Solomon,Girma,14,3,1999,F,Ethiopia,Adama,Adama,1,125,+251990573795
000752,Yonas,Solomon,Kebede,10,12,2000,M,Ethiopia,Hawassa,Tabor,5,193,+251910006299
000753,Binyam,Petros,Bekele,11,7,2002,M,Ethiopia,Dire Dawa,Sabiyan,7,237,+251953203088
000754,Samuel,Kebede,Alemu,20,11,2003,M,Ethiopia,Dire Dawa,Sabiyan,3,146,+251921124563
000755,Dawit,Tesfaye,Haile,8,4,2001,M,Ethiopia,Jimma,Hirmata,7,116,+251938443424
000756,Kaleb,Petros,Tadesse,28,4,2002,M,Ethiopia,Debre Markos,Kebele 02,6,147,+251974720977
000757,Abel,Kebede,Negash,8,10,2000,M,Ethiopia,Addis Ababa,Bole,3,68,+251974367836
000758,Kaleb,Worku,Kebede,24,4,1999,M,Ethiopia,Adama,Adama,2,177,+251989091286
000759,Saba,Petros,Tamiru,23,11,2004,F,Ethiopia,Bishoftu,Kebele 04,6,247,+251929618337
000760,Sara,Daniel,Girma,25,5,2003,F,Ethiopia,Adama,Adama,8,55,+251933439928
000761,Saba,Tesfaye,Girma,21,2,2003,F,Ethiopia,Hawassa,Tabor,7,27,+251938395665
000762,Dawit,Petros,Girma,23,7,1995,M,Ethiopia,Bishoftu,Kebele 04,4,255,+251939882276
000763,Eden,Abraham,Bekele,5,4,1995,F,Ethiopia,Addis Ababa,Yeka,8,53,+251917423985
000764,Henok,Mulugeta,Mekonnen,15,11,2003,M,Ethiopia,Bishoftu,Kebele 04,7,23,+251935633421
000765,Michael,Kebede,Kebede,5,11,2003,M,Ethiopia,Dire Dawa,Sabiyan,8,68,+251937539614
000766,Saba,Mulugeta,Mekonnen,24,10,2003,F,Ethiopia,Addis Ababa,Yeka,8,273,+251925629489
000767,Liya,Tesfaye,Bekele,4,7,2001,F,Ethiopia,Addis Ababa,Yeka,3,91,+251940702094
000768,Yonas,Fikru,Assefa,1,12,2004,M,Ethiopia,Bishoftu,Kebele 04,5,148,+251940520906
000769,Mahi,Kebede,Girma,17,2,1997,F,Ethiopia,Mekelle,Ayder,3,61,+251995937124
000770,Abel,Fikru,Bekele,16,4,1996,M,Ethiopia,Bahir Dar,Belay Zeleke,6,192,+251948514627
000771,Sara,Kebede,Assefa,1,3,1999,F,Ethiopia,Hawassa,Tabor,3,80,+251932896874
000772,Abel,Solomon,Negash,9,8,1999,M,Ethiopia,Hawassa,Tabor,3,2,+251929336147
000773,Liya,Petros,Alemu,23,5,1997,F,Ethiopia,Addis Ababa,Bole,10,299,+251956482975
000774,Dawit,Kebede,Tadesse,25,6,2005,M,Ethiopia,Addis Ababa,Yeka,3,212,+251968159516
000775,Nahom,Solomon,Negash,19,2,2004,M,Ethiopia,Addis Ababa,Bole,4,83,+251994837309
000776,Mahi,Tesfaye,Assefa,14,1,2001,F,Ethiopia,Hawassa,Tabor,7,171,+251935610485
000777,Liya,Mulugeta,Kebede,23,9,2000,F,Ethiopia,Addis Ababa,Yeka,3,117,+251986292105
000778,Binyam,Abraham,Girma,4,3,2005,M,Ethiopia,Hawassa,Tabor,6,106,+251995628841
000779,Abel,Tesfaye,Negash,2,9,2002,M,Ethiopia,Mekelle,Ayder,8,134,+251965016568
000780,Binyam,Petros,Girma,24,11,1996,M,Ethiopia,Adama,Adama,8,287,+251930512002
000781,Liya,Kebede,Negash,22,4,1995,F,Ethiopia,Addis Ababa,Bole,1,95,+251921384413
000782,Binyam,Abraham,Girma,12,11,1996,M,Ethiopia,Dire Dawa,Sabiyan,4,100,+251911740608
000783,Bethel,Getachew,Tamiru,10,11,1995,F,Ethiopia,Bahir Dar,Belay Zeleke,7,142,+251923513264
000784,Sara,Abraham,Mekonnen,24,1,1996,F,Ethiopia,Bahir Dar,Belay Zeleke,1,160,+251936633539
000785,Hana,Tesfaye,Assefa,19,7,1996,F,Ethiopia,Bahir Dar,Belay Zeleke,2,92,+251979493015
000786,Sara,Fikru,Tamiru,9,10,1996,F,Ethiopia,Jimma,Hirmata,9,40,+251928021395
000787,Binyam,Getachew,Negash,15,5,2003,M,Ethiopia,Adama,Adama,8,259,+251925055899
000788,Abel,Daniel,Assefa,2,2,1996,M,Ethiopia,Addis Ababa,Bole,9,50,+251978486825
000789,Eden,Getachew,Girma,10,10,2000,F,Ethiopia,Adama,Adama,7,44,+251924025662
000790,Daniel,Tesfaye,Tadesse,28,9,1997,M,Ethiopia,Mekelle,Ayder,1,250,+251918732152
000791,Selam,Solomon,Alemu,16,2,2004,F,Ethiopia,Bahir Dar,Belay Zeleke,2,87,+251961962784
000792,Abel,Solomon,Tamiru,15,3,1998,M,Ethiopia,Bishoftu,Kebele 04,1,164,+251931218989
000793,Abel,Daniel,Tamiru,15,10,2004,M,Ethiopia,Bishoftu,Kebele 04,7,164,+251958383980
000794,Binyam,Getachew,Haile,20,1,2000,M,Ethiopia,Adama,Adama,3,147,+251938793898
000795,Eden,Solomon,Alemu,12,8,2005,F,Ethiopia,Debre Markos,Kebele 02,5,167,+251917054349
000796,Kaleb,Mulugeta,Alemu,5,7,2005,M,Ethiopia,Debre Markos,Kebele 02,8,293,+251929302793
000797,Michael,Abraham,Kebede,12,12,2002,M,Ethiopia,Bishoftu,Kebele 04,8,39,+251920975903
000798,Henok,Abraham,Girma,18,5,1999,M,Ethiopia,Bishoftu,Kebele 04,5,253,+251998328894
000799,Michael,Getachew,Tamiru,14,7,1996,M,Ethiopia,Addis Ababa,Bole,9,83,+251918318526
000800,Hana,Tesfaye,Mekonnen,26,2,2003,F,Ethiopia,Addis Ababa,Yeka,3,90,+251926300131
000801,Selam,Getachew,Bekele,5,5,1997,F,Ethiopia,Adama,Adama,9,201,+251942446654
000802,Selam,Worku,Negash,15,9,2003,F,Ethiopia,Jimma,Hirmata,2,276,+251915909613
000803,Mahi,Tesfaye,Tamiru,28,1,2002,F,Ethiopia,Addis Ababa,Yeka,9,203,+251910545779
000804,Selam,Tesfaye,Kebede,27,2,2001,F,Ethiopia,Dire Dawa,Sabiyan,1,132,+251963443151
000805,Henok,Tesfaye,Kebede,18,6,2003,M,Ethiopia,Dire Dawa,Sabiyan,3,182,+251991505387
000806,Samuel,Abraham,Alemu,2,2,2000,M,Ethiopia,Bahir Dar,Belay Zeleke,7,169,+251926914677
000807,Kaleb,Worku,Kebede,8,11,2005,M,Ethiopia,Dire Dawa,Sabiyan,3,226,+251982817324
000808,Kaleb,Daniel,Negash,25,8,2005,M,Ethiopia,Debre Markos,Kebele 02,6,300,+251938562060
000809,Daniel,Abraham,Alemu,7,2,1997,M,Ethiopia,Adama,Adama,3,59,+251996098974
000810,Nahom,Abraham,Assefa,24,7,2005,M,Ethiopia,Addis Ababa,Yeka,9,254,+251988530025
000811,Abel,Mulugeta,Kebede,15,6,2004,M,Ethiopia,Adama,Adama,4,119,+251986346290
000812,Sara,Daniel,Tadesse,19,8,1995,F,Ethiopia,Addis Ababa,Bole,1,4,+251975045252
000813,Sara,Kebede,Bekele,6,3,2004,F,Ethiopia,Adama,Adama,9,215,+251996503928
000814,Nahom,Worku,Haile,22,3,1996,M,Ethiopia,Dire Dawa,Sabiyan,2,132,+251912909668
000815,Eden,Worku,Kebede,9,2,1998,F,Ethiopia,Addis Ababa,Bole,3,187,+251938904119
000816,Hana,Worku,Assefa,18,8,2002,F,Ethiopia,Addis Ababa,Bole,10,62,+251974508009
000817,Kaleb,Petros,Kebede,10,7,1998,M,Ethiopia,Addis Ababa,Yeka,5,7,+251970794122
000818,Binyam,Kebede,Assefa,24,11,1995,M,Ethiopia,Addis Ababa,Yeka,1,249,+251999715498
000819,Selam,Worku,Tadesse,27,4,1995,F,Ethiopia,Addis Ababa,Yeka,8,142,+251940945391
000820,Kaleb,Solomon,Negash,11,4,2003,M,Ethiopia,Debre Markos,Kebele 02,6,128,+251939712222
000821,Eden,Mulugeta,Alemu,7,2,2002,F,Ethiopia,Addis Ababa,Yeka,8,34,+251996645763
000822,Dawit,Solomon,Mekonnen,23,1,2004,M,Ethiopia,Bahir Dar,Belay Zeleke,4,291,+251932861794
000823,Dawit,Fikru,Tamiru,9,3,1996,M,Ethiopia,Bahir Dar,Belay Zeleke,3,79,+251949121060
000824,Michael,Tesfaye,Mekonnen,2,12,2002,M,Ethiopia,Addis Ababa,Bole,1,181,+251973642514
000825,Abel,Petros,Negash,4,7,2000,M,Ethiopia,Debre Markos,Kebele 02,5,83,+251929327590
000826,Binyam,Fikru,Alemu,15,9,1996,M,Ethiopia,Jimma,Hirmata,4,71,+251989160646
000827,Liya,Fikru,Bekele,26,2,2001,F,Ethiopia,Bahir Dar,Belay Zeleke,1,280,+251964527027
000828,Saba,Abraham,Alemu,18,11,2001,F,Ethiopia,Addis Ababa,Yeka,8,101,+251936916012
000829,Sara,Fikru,Kebede,11,4,1999,F,Ethiopia,Hawassa,Tabor,6,128,+251919082192
000830,Eden,Fikru,Girma,26,3,2005,F,Ethiopia,Hawassa,Tabor,5,232,+251971836608
000831,Abel,Daniel,Negash,9,1,2005,M,Ethiopia,Debre Markos,Kebele 02,9,152,+251917240705
000832,Saba,Daniel,Haile,23,3,2001,F,Ethiopia,Jimma,Hirmata,3,216,+251939550063
000833,Daniel,Mulugeta,Alemu,23,4,2005,M,Ethiopia,Addis Ababa,Yeka,8,65,+251969297295
000834,Bethel,Tesfaye,Tadesse,2,8,2000,F,Ethiopia,Bishoftu,Kebele 04,4,144,+251914428111
000835,Rahel,Kebede,Mekonnen,1,8,2003,F,Ethiopia,Dire Dawa,Sabiyan,2,44,+251921948804
000836,Hana,Abraham,Mekonnen,16,11,1997,F,Ethiopia,Hawassa,Tabor,5,150,+251947630428
000837,Nahom,Solomon,Negash,4,9,2000,M,Ethiopia,Bahir Dar,Belay Zeleke,7,282,+251982768260
000838,Abel,Fikru,Assefa,2,10,1995,M,Ethiopia,Adama,Adama,6,100,+251915320710
000839,Saba,Daniel,Kebede,27,1,1995,F,Ethiopia,Debre Markos,Kebele 02,1,196,+251987771092
000840,Eden,Worku,Tamiru,5,10,1998,F,Ethiopia,Addis Ababa,Yeka,7,138,+251971361800
000841,Liya,Kebede,Kebede,2,10,1997,F,Ethiopia,Addis Ababa,Yeka,4,297,+251984040744
000842,Samuel,Solomon,Tamiru,14,2,2004,M,Ethiopia,Dire Dawa,Sabiyan,2,116,+251988045124
000843,Rahel,Getachew,Tadesse,3,11,2000,F,Ethiopia,Debre Markos,Kebele 02,4,200,+251952094122
000844,Eden,Daniel,Negash,26,3,1999,F,Ethiopia,Hawassa,Tabor,3,269,+251942448318
000845,Eden,Worku,Tadesse,13,2,2003,F,Ethiopia,Jimma,Hirmata,2,247,+251980932090
000846,Samuel,Tesfaye,Haile,17,2,1999,M,Ethiopia,Debre Markos,Kebele 02,1,176,+251919697765
000847,Eden,Tesfaye,Negash,13,9,2001,F,Ethiopia,Addis Ababa,Yeka,10,35,+251989528201
000848,Selam,Tesfaye,Tadesse,25,11,2003,F,Ethiopia,Dire Dawa,Sabiyan,6,110,+251962745216
000849,Saba,Worku,Bekele,24,10,2004,F,Ethiopia,Dire Dawa,Sabiyan,6,77,+251939133575
000850,Abel,Petros,Kebede,21,8,1995,M,Ethiopia,Dire Dawa,Sabiyan,2,137,+251939762889
000851,Hana,Tesfaye,Alemu,18,12,2005,F,Ethiopia,Debre Markos,Kebele 02,5,279,+251993345602
000852,Yonas,Worku,Assefa,24,7,2000,M,Ethiopia,Dire Dawa,Sabiyan,10,202,+251948461746
000853,Kaleb,Fikru,Girma,24,10,1995,M,Ethiopia,Debre Markos,Kebele 02,4,134,+251953289938
000854,Saba,Getachew,Alemu,12,9,2002,F,Ethiopia,Addis Ababa,Bole,5,70,+251996723594
000855,Selam,Fikru,Tadesse,1,1,2004,F,Ethiopia,Addis Ababa,Yeka,10,19,+251982898962
000856,Hana,Daniel,Negash,10,9,1995,F,Ethiopia,Addis Ababa,Yeka,8,215,+251976204563
000857,Nahom,Solomon,Haile,1,8,2002,M,Ethiopia,Hawassa,Tabor,5,250,+251982702296
000858,Daniel,Abraham,Tadesse,23,8,1999,M,Ethiopia,Debre Markos,Kebele 02,7,192,+251923570227
000859,Ruth,Abraham,Tadesse,23,11,2002,F,Ethiopia,Jimma,Hirmata,10,288,+251913836245
000860,Saba,Fikru,Girma,24,4,2001,F,Ethiopia,Bahir Dar,Belay Zeleke,9,132,+251991125019
000861,Kaleb,Getachew,Alemu,20,11,2001,M,Ethiopia,Jimma,Hirmata,1,6,+251960661734
000862,Ruth,Tesfaye,Alemu,14,7,2001,F,Ethiopia,Dire Dawa,Sabiyan,8,42,+251954391415
000863,Abel,Petros,Kebede,2,11,2004,M,Ethiopia,Addis Ababa,Yeka,10,224,+251958200588
000864,Rahel,Tesfaye,Tamiru,9,2,1999,F,Ethiopia,Adama,Adama,5,93,+251992380719
000865,Henok,Worku,Kebede,2,10,1999,M,Ethiopia,Jimma,Hirmata,4,2,+251964329458
000866,Saba,Solomon,Bekele,4,2,2004,F,Ethiopia,Bishoftu,Kebele 04,9,217,+251930096285
000867,Ruth,Kebede,Tadesse,16,4,1998,F,Ethiopia,Mekelle,Ayder,1,136,+251982315467
000868,Bethel,Solomon,Girma,16,11,2004,F,Ethiopia,Bahir Dar,Belay Zeleke,6,260,+251994836551
000869,Henok,Getachew,Haile,21,12,2001,M,Ethiopia,Bishoftu,Kebele 04,9,110,+251971793063
000870,Michael,Getachew,Haile,26,7,1996,M,Ethiopia,Mekelle,Ayder,9,168,+251995525227
000871,Hana,Daniel,Mekonnen,21,7,1999,F,Ethiopia,Addis Ababa,Bole,8,179,+251965009939
000872,Binyam,Abraham,Bekele,26,4,1999,M,Ethiopia,Debre Markos,Kebele 02,1,245,+251945324185
000873,Eden,Worku,Negash,26,3,1998,F,Ethiopia,Bishoftu,Kebele 04,7,256,+251917161603
000874,Selam,Tesfaye,Alemu,21,2,2004,F,Ethiopia,Bishoftu,Kebele 04,2,189,+251983234801
000875,Sara,Getachew,Bekele,14,1,1996,F,Ethiopia,Adama,Adama,8,58,+251971326248
000876,Dawit,Fikru,Assefa,8,5,2003,M,Ethiopia,Hawassa,Tabor,6,173,+251958804369
000877,Samuel,Petros,Kebede,13,3,2000,M,Ethiopia,Mekelle,Ayder,10,7,+251924676574
000878,Hana,Kebede,Kebede,20,1,2005,F,Ethiopia,Debre Markos,Kebele 02,5,44,+251910690489
000879,Ruth,Worku,Girma,1,8,1997,F,Ethiopia,Dire Dawa,Sabiyan,4,226,+251919630298
000880,Liya,Mulugeta,Haile,22,3,2002,F,Ethiopia,Debre Markos,Kebele 02,3,179,+251936856865
000881,Binyam,Fikru,Alemu,3,6,1995,M,Ethiopia,Bishoftu,Kebele 04,3,114,+251929646434
000882,Daniel,Daniel,Tadesse,5,1,1997,M,Ethiopia,Dire Dawa,Sabiyan,6,115,+251969646131
000883,Liya,Worku,Girma,12,2,1998,F,Ethiopia,Adama,Adama,2,148,+251925191873
000884,Selam,Solomon,Assefa,4,11,2002,F,Ethiopia,Dire Dawa,Sabiyan,9,148,+251929274228
000885,Henok,Mulugeta,Mekonnen,15,4,2001,M,Ethiopia,Jimma,Hirmata,1,76,+251989666246
000886,Kaleb,Getachew,Girma,7,4,2004,M,Ethiopia,Bahir Dar,Belay Zeleke,10,189,+251945684341
000887,Selam,Kebede,Tamiru,11,8,1996,F,Ethiopia,Addis Ababa,Bole,7,207,+251937738716
000888,Liya,Fikru,Haile,17,4,1997,F,Ethiopia,Jimma,Hirmata,9,118,+251913677340
000889,Binyam,Solomon,Kebede,26,1,2003,M,Ethiopia,Jimma,Hirmata,2,81,+251916247890
000890,Dawit,Worku,Bekele,4,10,2002,M,Ethiopia,Adama,Adama,7,296,+251952409837
000891,Michael,Daniel,Kebede,4,10,2005,M,Ethiopia,Addis Ababa,Yeka,6,194,+251948207494
000892,Eden,Solomon,Assefa,13,1,1995,F,Ethiopia,Adama,Adama,2,113,+251921159055
000893,Yonas,Abraham,Tadesse,8,7,2002,M,Ethiopia,Bishoftu,Kebele 04,2,214,+251936561800
000894,Sara,Mulugeta,Girma,26,5,1998,F,Ethiopia,Adama,Adama,5,248,+251917289698
000895,Hana,Getachew,Tamiru,19,5,1995,F,Ethiopia,Hawassa,Tabor,7,29,+251936519919
000896,Hana,Mulugeta,Haile,20,3,1998,F,Ethiopia,Debre Markos,Kebele 02,5,269,+251971184268
000897,Bethel,Kebede,Tadesse,13,10,2004,F,Ethiopia,Addis Ababa,Bole,10,218,+251983459169
000898,Bethel,Fikru,Tadesse,6,11,1998,F,Ethiopia,Hawassa,Tabor,9,196,+251993734065
000899,Ruth,Worku,Tadesse,19,12,1995,F,Ethiopia,Dire Dawa,Sabiyan,10,156,+251948481211
000900,Binyam,Fikru,Tadesse,10,11,1995,M,Ethiopia,Adama,Adama,6,147,+251928409036
000901,Eden,Fikru,Tamiru,18,6,1995,F,Ethiopia,Addis Ababa,Yeka,4,221,+251969069350
000902,Ruth,Abraham,Mekonnen,10,5,1995,F,Ethiopia,Hawassa,Tabor,8,112,+251949902200
000903,Rahel,Getachew,Girma,17,1,2004,F,Ethiopia,Bahir Dar,Belay Zeleke,5,89,+251976728949
000904,Dawit,Fikru,Kebede,6,7,1998,M,Ethiopia,Dire Dawa,Sabiyan,7,68,+251961738381
000905,Eden,Tesfaye,Tadesse,8,7,2000,F,Ethiopia,Adama,Adama,6,254,+251969627964
000906,Mahi,Mulugeta,Tamiru,3,4,1997,F,Ethiopia,Bishoftu,Kebele 04,9,159,+251951424367
000907,Hana,Abraham,Bekele,27,9,1998,F,Ethiopia,Jimma,Hirmata,5,220,+251933305992
000908,Daniel,Worku,Kebede,21,6,1995,M,Ethiopia,Bahir Dar,Belay Zeleke,5,201,+251951733489
000909,Abel,Petros,Kebede,23,5,2000,M,Ethiopia,Debre Markos,Kebele 02,3,269,+251964482967
000910,Selam,Worku,Assefa,24,11,1998,F,Ethiopia,Dire Dawa,Sabiyan,6,237,+251927641974
000911,Samuel,Abraham,Kebede,28,11,2004,M,Ethiopia,Debre Markos,Kebele 02,4,181,+251935401982
000912,Sara,Worku,Bekele,6,8,2000,F,Ethiopia,Dire Dawa,Sabiyan,2,140,+251925820431
000913,Yonas,Tesfaye,Mekonnen,7,4,1998,M,Ethiopia,Mekelle,Ayder,5,124,+251923763468
000914,Saba,Fikru,Negash,8,12,2001,F,Ethiopia,Bahir Dar,Belay Zeleke,6,103,+251974618072
000915,Michael,Daniel,Tamiru,27,3,1999,M,Ethiopia,Mekelle,Ayder,5,138,+251990176494
000916,Henok,Kebede,Kebede,23,4,2005,M,Ethiopia,Adama,Adama,4,160,+251915280502
000917,Mahi,Kebede,Bekele,24,11,2000,F,Ethiopia,Hawassa,Tabor,2,173,+251971428105
000918,Ruth,Daniel,Haile,15,8,1997,F,Ethiopia,Addis Ababa,Yeka,4,47,+251956285386
000919,Ruth,Daniel,Bekele,20,8,2005,F,Ethiopia,Bahir Dar,Belay Zeleke,4,71,+251942671646
000920,Rahel,Getachew,Mekonnen,4,2,2000,F,Ethiopia,Adama,Adama,2,153,+251995873508
000921,Selam,Fikru,Tadesse,14,7,2004,F,Ethiopia,Adama,Adama,5,236,+251972073157
000922,Kaleb,Getachew,Tadesse,27,3,2001,M,Ethiopia,Adama,Adama,4,154,+251948802448
000923,Kaleb,Tesfaye,Kebede,26,10,2004,M,Ethiopia,Jimma,Hirmata,1,279,+251946105133
000924,Abel,Kebede,Tamiru,8,7,2000,M,Ethiopia,Adama,Adama,3,228,+251970540685
000925,Kaleb,Worku,Tadesse,13,3,2001,M,Ethiopia,Adama,Adama,10,7,+251942291041
000926,Mahi,Kebede,Alemu,18,3,1998,F,Ethiopia,Bishoftu,Kebele 04,10,78,+251922275888
000927,Eden,Tesfaye,Mekonnen,27,4,1999,F,Ethiopia,Bahir Dar,Belay Zeleke,10,254,+251925547193
000928,Mahi,Worku,Kebede,1,2,2002,F,Ethiopia,Bahir Dar,Belay Zeleke,8,33,+251945968841
000929,Yonas,Daniel,Tamiru,24,3,2005,M,Ethiopia,Jimma,Hirmata,9,212,+251994988209
000930,Kaleb,Kebede,Tamiru,28,10,1997,M,Ethiopia,Hawassa,Tabor,9,117,+251992458890
000931,Daniel,Abraham,Tamiru,3,10,2004,M,Ethiopia,Addis Ababa,Yeka,5,236,+251928823939
000932,Saba,Tesfaye,Assefa,3,11,2003,F,Ethiopia,Hawassa,Tabor,4,193,+251970372598
000933,Ruth,Fikru,Haile,7,12,1999,F,Ethiopia,Bishoftu,Kebele 04,4,115,+251923804504
000934,Abel,Abraham,Girma,1,1,1998,M,Ethiopia,Addis Ababa,Yeka,2,225,+251928513383
000935,Liya,Solomon,Assefa,24,11,1998,F,Ethiopia,Jimma,Hirmata,6,268,+251935124838
000936,Michael,Abraham,Assefa,8,7,1998,M,Ethiopia,Hawassa,Tabor,9,39,+251992888178
000937,Saba,Solomon,Haile,6,2,1995,F,Ethiopia,Bahir Dar,Belay Zeleke,5,253,+251915883280
000938,Dawit,Daniel,Tadesse,17,3,2005,M,Ethiopia,Hawassa,Tabor,4,280,+251947271447
000939,Liya,Solomon,Kebede,27,7,2002,F,Ethiopia,Jimma,Hirmata,10,111,+251949581111
000940,Mahi,Tesfaye,Negash,21,11,1996,F,Ethiopia,Hawassa,Tabor,2,39,+251930264816
000941,Mahi,Worku,Negash,7,1,1998,F,Ethiopia,Bahir Dar,Belay Zeleke,5,134,+251928681673
000942,Bethel,Tesfaye,Kebede,24,10,2002,F,Ethiopia,Addis Ababa,Yeka,1,202,+251914528119
000943,Michael,Abraham,Kebede,4,5,1998,M,Ethiopia,Hawassa,Tabor,8,22,+251968023388
000944,Kaleb,Abraham,Tamiru,8,2,1995,M,Ethiopia,Jimma,Hirmata,10,84,+251993280802
000945,Kaleb,Abraham,Haile,9,11,1998,M,Ethiopia,Addis Ababa,Bole,5,126,+251975649521
000946,Abel,Getachew,Tamiru,22,9,2002,M,Ethiopia,Debre Markos,Kebele 02,9,24,+251929531426
000947,Kaleb,Mulugeta,Tadesse,18,10,2005,M,Ethiopia,Hawassa,Tabor,4,282,+251917842409
000948,Selam,Daniel,Bekele,27,4,1998,F,Ethiopia,Debre Markos,Kebele 02,2,150,+251982436518
000949,Daniel,Getachew,Tadesse,14,10,1995,M,Ethiopia,Adama,Adama,6,5,+251971750844
000950,Daniel,Kebede,Haile,12,7,1999,M,Ethiopia,Addis Ababa,Bole,5,110,+251995227751
000951,Dawit,Kebede,Mekonnen,6,7,2002,M,Ethiopia,Bahir Dar,Belay Zeleke,3,169,+251933375094
000952,Kaleb,Petros,Kebede,23,1,2002,M,Ethiopia,Mekelle,Ayder,4,124,+251925029329
000953,Daniel,Solomon,Kebede,9,4,1998,M,Ethiopia,Bahir Dar,Belay Zeleke,3,278,+251930612116
000954,Michael,Fikru,Tadesse,8,11,1997,M,Ethiopia,Dire Dawa,Sabiyan,3,286,+251966775089
000955,Binyam,Petros,Tamiru,2,1,1998,M,Ethiopia,Bishoftu,Kebele 04,1,108,+251959751102
000956,Selam,Abraham,Mekonnen,4,8,2004,F,Ethiopia,Hawassa,Tabor,7,65,+251918384210
000957,Rahel,Mulugeta,Alemu,22,7,1995,F,Ethiopia,Jimma,Hirmata,8,294,+251985275504
000958,Bethel,Getachew,Tadesse,1,5,2005,F,Ethiopia,Addis Ababa,Yeka,8,1,+251916678878
000959,Dawit,Daniel,Negash,8,12,1995,M,Ethiopia,Adama,Adama,6,267,+251914494941
000960,Kaleb,Daniel,Negash,11,4,2005,M,Ethiopia,Debre Markos,Kebele 02,4,87,+251926966022
000961,Selam,Tesfaye,Negash,26,1,2003,F,Ethiopia,Addis Ababa,Bole,3,27,+251925477761
000962,Bethel,Getachew,Mekonnen,1,5,1998,F,Ethiopia,Adama,Adama,8,33,+251916599113
000963,Binyam,Fikru,Haile,15,10,1995,M,Ethiopia,Bahir Dar,Belay Zeleke,10,32,+251964237193
000964,Samuel,Mulugeta,Tamiru,13,7,1995,M,Ethiopia,Hawassa,Tabor,7,193,+251932294067
000965,Selam,Fikru,Bekele,14,9,1999,F,Ethiopia,Mekelle,Ayder,2,67,+251990537706
000966,Yonas,Tesfaye,Tamiru,22,10,1999,M,Ethiopia,Debre Markos,Kebele 02,8,271,+251926008884
000967,Samuel,Kebede,Bekele,9,6,1999,M,Ethiopia,Jimma,Hirmata,9,126,+251933819081
000968,Bethel,Mulugeta,Alemu,17,1,2002,F,Ethiopia,Mekelle,Ayder,8,262,+251952526889
000969,Selam,Petros,Haile,2,8,2000,F,Ethiopia,Addis Ababa,Yeka,10,157,+251913304204
000970,Michael,Solomon,Mekonnen,25,10,2003,M,Ethiopia,Bishoftu,Kebele 04,10,53,+251913475569
000971,Samuel,Petros,Tadesse,11,2,2002,M,Ethiopia,Addis Ababa,Yeka,1,256,+251941684615
000972,Ruth,Abraham,Alemu,4,12,1997,F,Ethiopia,Jimma,Hirmata,1,282,+251930417205
000973,Henok,Petros,Negash,22,1,2000,M,Ethiopia,Addis Ababa,Bole,9,176,+251977413303
000974,Bethel,Abraham,Alemu,15,4,1995,F,Ethiopia,Jimma,Hirmata,7,51,+251959911235
000975,Bethel,Tesfaye,Bekele,12,8,2000,F,Ethiopia,Adama,Adama,2,149,+251945128194
000976,Michael,Solomon,Mekonnen,7,8,2004,M,Ethiopia,Debre Markos,Kebele 02,3,189,+251953600049
000977,Selam,Kebede,Kebede,25,4,2000,F,Ethiopia,Bahir Dar,Belay Zeleke,5,209,+251979226349
000978,Saba,Fikru,Bekele,9,9,1995,F,Ethiopia,Adama,Adama,8,294,+251989428913
000979,Dawit,Abraham,Haile,22,12,1995,M,Ethiopia,Debre Markos,Kebele 02,9,269,+251966609199
000980,Sara,Worku,Girma,28,5,2005,F,Ethiopia,Mekelle,Ayder,8,223,+251983885489
000981,Bethel,Solomon,Girma,9,7,1995,F,Ethiopia,Dire Dawa,Sabiyan,1,46,+251986154840
000982,Nahom,Worku,Tadesse,2,7,2001,M,Ethiopia,Addis Ababa,Bole,8,232,+251994309564
000983,Bethel,Petros,Mekonnen,24,3,2000,F,Ethiopia,Debre Markos,Kebele 02,1,193,+251981750347
000984,Liya,Tesfaye,Kebede,9,5,2004,F,Ethiopia,Addis Ababa,Yeka,8,31,+251910947529
000985,Bethel,Getachew,Assefa,10,3,1999,F,Ethiopia,Addis Ababa,Bole,10,131,+251969122048
000986,Eden,Tesfaye,Tamiru,11,1,1998,F,Ethiopia,Bahir Dar,Belay Zeleke,4,42,+251917696249
000987,Abel,Kebede,Tamiru,15,5,1996,M,Ethiopia,Addis Ababa,Bole,10,157,+251928114510
000988,Samuel,Fikru,Girma,10,10,1997,M,Ethiopia,Debre Markos,Kebele 02,7,166,+251984140781
000989,Rahel,Tesfaye,Tamiru,13,1,2005,F,Ethiopia,Bahir Dar,Belay Zeleke,10,237,+251974683389
000990,Eden,Tesfaye,Tamiru,12,11,2003,F,Ethiopia,Bahir Dar,Belay Zeleke,2,11,+251972265855
000991,Henok,Daniel,Assefa,21,11,1996,M,Ethiopia,Addis Ababa,Yeka,9,72,+251914700290
000992,Liya,Solomon,Girma,11,7,1997,F,Ethiopia,Bishoftu,Kebele 04,7,24,+251982790832
000993,Mahi,Fikru,Tamiru,28,6,2002,F,Ethiopia,Mekelle,Ayder,10,186,+251919308870
000994,Kaleb,Mulugeta,Alemu,12,9,2005,M,Ethiopia,Bishoftu,Kebele 04,10,168,+251952893903
000995,Rahel,Mulugeta,Kebede,18,9,1999,F,Ethiopia,Mekelle,Ayder,2,174,+251987634741
000996,Ruth,Tesfaye,Haile,3,3,2000,F,Ethiopia,Hawassa,Tabor,6,57,+251975677980
000997,Michael,Daniel,Girma,6,4,2004,M,Ethiopia,Hawassa,Tabor,9,285,+251972885642
000998,Ruth,Kebede,Tadesse,8,12,2000,F,Ethiopia,Mekelle,Ayder,9,55,+251911659926
000999,Rahel,Kebede,Assefa,28,3,2004,F,Ethiopia,Debre Markos,Kebele 02,8,186,+251976735201
001000,Henok,Worku,Negash,4,2,1997,M,Ethiopia,Adama,Adama,10,56,+251949131678
